counter_party,timestamp,in_frequency,out_frequency,total_eth_received,total_eth_sent
0x000a73873e962e27f93ab10ae089386536a8498b,2024-01-12 10:05:11,0,1,0.0,1.238
0x007f88d5763b93698950317b5db685d60834103a,2024-01-12 13:25:11,0,1,0.0,0.009
0x009669edc02bb366c0550a2f683c1e10b053d295,2024-01-12 03:43:59,0,1,0.0,0.00984962
0x0097ae87e15a00f17bc9e5b96cb7b9e8c50e8d7f,2024-01-12 21:24:35,0,1,0.0,35.98068301
0x00cced40ed7b2a1ae695167b9bf810359d1693f9,2024-01-12 20:36:59,0,1,0.0,1.44700753
0x00f437234fea694ae1bef256a086ed2e318e2356,2024-01-12 07:47:11,0,1,0.0,0.00799
0x01e8b90db371ef146bd723ecc196906a792e31f2,2024-01-12 16:40:11,0,1,0.0,0.0295
0x01f64a229f9f86b2a5ca561b8e519ddd7769779d,2024-01-12 15:25:23,0,1,0.0,1.1331051
0x0209c9df1f0f9563be11a56d1e6c4a7ee9d5851b,2024-01-12 11:52:11,0,1,0.0,0.06467095
0x021b9f075c13dcc1035c89a254c613b8afce1d01,2024-01-12 10:58:47,0,1,0.0,1.009
0x024142745958479152705252649d9c4827deaacf,2024-01-12 18:33:47,0,1,0.0,0.098
0x0250144b56900df523a05cc6692a12a9227dad3e,2024-01-12 09:56:47,0,1,0.0,0.0428551
0x02742fbb150c1db8bd447745ecc1313bf69a3110,2024-01-12 14:21:23,0,1,0.0,0.128
0x02be804f3f2ce77bc981c544373d11a0668b6a31,2024-01-12 13:52:11,0,1,0.0,0.01437195
0x03002e60efb8dd466db476a797b5b6276d6bb987,2024-01-12 14:49:23,0,1,0.0,0.0082897
0x032425096b4ba64682800c3d93c411e5350083aa,2024-01-12 21:45:11,0,1,0.0,2.998
0x036de81fd14b3d6c62469ebce09be61547cea82f,2024-01-12 17:38:11,0,1,0.0,1.2279
0x038809b0f467363a9a0bfce5d166c537efa67d69,2024-01-12 05:25:23,0,1,0.0,0.01872442
0x0392c2bd4476cd7df0f924663ce1ebce22667ade,2024-01-12 03:40:59,0,1,0.0,0.0078901
0x03b09be890ec307e879d27350cee34c66a233d05,2024-01-12 03:08:59,0,1,0.0,2.44060849
0x03caf55414a2991a8c9320c9d858f133482323dd,2024-01-12 20:12:47,0,1,0.0,0.2422555
0x042d105b1de66977cccf4f10d6b4ef09fc76b642,2024-01-12 21:24:23,0,1,0.0,3.998
0x0436d1d516504c58d1f473fa7a1559b9f7b753e7,2024-01-12 13:47:35,0,1,0.0,0.3453523
0x045467a6154f5a898ad1f861ba0c2370200c8188,2024-01-12 12:39:23,0,1,0.0,6.78235
0x048ffbdd5c89cb07b3887f8fc1b56de4fdc2af41,2024-01-12 12:59:47,0,1,0.0,0.0771208
0x04a2f9f50cbb87a1f31694f0d3a8ff9ffff0f8d1,2024-01-12 12:13:47,0,1,0.0,4.418
0x04a2fe004f0ed0be6d51aa30b1de412f8d6bf8d1,2024-01-12 12:14:59,1,0,4.418e-06,0.0
0x04e1aec5fa92d2c8fc5f4f584bc9e9471f45ec93,2024-01-12 06:26:59,0,1,0.0,0.03085814
0x0504e7edd05ea2b83984ac68d5b098e2ecd21a04,2024-01-12 08:39:23,0,1,0.0,0.0186793
0x0530f33cef3b60ccd8f90ac4a63e268a521ce679,2024-01-12 10:31:47,0,1,0.0,5.098
0x05f3c3840160ed96722d2ae790ccf369d357363e,2024-01-12 19:31:11,0,1,0.0,0.03604699
0x05f9ab750471e1663b284c3fcbff9b99046b702a,2024-01-12 11:15:23,0,1,0.0,0.0224
0x0616c2293c911f354902a85b49ae55f62b080d4f,2024-01-12 16:16:47,0,1,0.0,2.118
0x065dbf25eed046ca437b4913c7726d34fa60c7db,2024-01-12 17:34:35,0,1,0.0,0.2156821
0x071c917635bb720563c8dbd2571b6834492a6fb7,2024-01-12 15:20:23,0,1,0.0,0.0082897
0x0746b79958e401840c139d31f8e9639cb6c956e7,2024-01-12 03:09:59,1,0,1.010100618539,0.0
0x07964b7f5f1db47c9339ebc9ed33c7d90a4825ce,2024-01-12 17:15:47,0,1,0.0,1.1281174
0x079d2edbdf99fabb244369bd0b75b7518e9782a0,2024-01-12 09:03:23,0,1,0.0,0.0307672
0x07b277fae39de1261140d9d50b9895400e698564,2024-01-12 11:42:47,0,1,0.0,0.0224
0x080a61322706892c45fab93ba19367446f3579c4,2024-01-12 22:33:47,0,1,0.0,0.728
0x0823785b0a599cdfbdd91eae5247a5a5ccb26b20,2024-01-12 05:32:23,0,1,0.0,1.4896914
0x08280dc6966758b3cc30cad7f43d6308aa7025e1,2024-01-12 23:30:23,1,0,1.113188659145,0.0
0x086712ad54cc461a51c80dacfba399475f8121af,2024-01-12 09:35:23,0,1,0.0,0.66625
0x0895033f5a33f522692ec219b275404f6e75c0af,2024-01-12 06:46:23,0,1,0.0,1.6466497
0x0899b4658d723e1bac53f070146c5193fd148ee6,2024-01-12 20:24:35,0,2,0.0,3.1213524
0x08d561bff91aeee264e45cfb677171665b74c93c,2024-01-12 09:51:11,1,0,3.889263501035,0.0
0x08eb34d292275ba25fc2001bf2c8108d97b46231,2024-01-12 15:56:23,0,2,0.0,3.59242647
0x08ed75012373395cf6d6c26812935e244c5bdd2b,2024-01-12 12:41:11,0,1,0.0,0.5753221
0x099f973a4a8d94ff30665c91bd604e275f53028f,2024-01-12 06:54:35,0,1,0.0,3.32860758
0x09a07a1c5eabc5779d846f11dad10bef4cb2dd1b,2024-01-12 12:39:23,0,1,0.0,6.99402
0x09cac83937b5b5b25d1b511d919e7cf9b1fa8fc8,2024-01-12 12:47:11,0,1,0.0,0.0180739
0x0a176900ba4a4229e6e83267f67a8e915abfd1f8,2024-01-12 23:01:23,0,1,0.0,0.01
0x0ae1ff3e843ec7b692f62e599fad3fa147dd321c,2024-01-12 23:20:11,0,1,0.0,0.09032885
0x0b2fb4727104a1031ade7945c21d41d3e42454ee,2024-01-12 12:33:23,0,1,0.0,7.5503
0x0bfafd86c7641be97b4c7e1cac727d9dc1b65ba8,2024-01-12 19:36:23,1,0,1.437752015789,0.0
0x0c13815dabf50b078f3f53c9fd668ce7dc8b2b7f,2024-01-12 13:36:23,0,1,0.0,0.060995
0x0c1a26504af18a1188222999b0def93b286b674e,2024-01-12 22:44:11,0,1,0.0,0.198
0x0c5d9adc116b33dff0d6e6097e88af740f0a7287,2024-01-12 09:21:23,1,0,1.968711790545,0.0
0x0caec558c156597bcae650201f787871aea1eaba,2024-01-12 03:57:11,0,1,0.0,0.29808664
0x0cf0cccd6abe825ffc8688a6fa73593aa81f62eb,2024-01-12 10:27:11,1,0,2.02310421429,0.0
0x0d72edcc9c920b047c20084180e770931b62b2fb,2024-01-12 17:56:47,0,1,0.0,0.7465
0x0def4adbef50c0f34182876cb0d6809b1cc46b92,2024-01-12 19:42:59,0,1,0.0,0.1336
0x0df66ecbe7c890494c41cfc3e75d917209d14b27,2024-01-12 10:31:47,0,1,0.0,0.02325564
0x0e0ff02b24832c880b513b6ceeafac92e9ad7fd8,2024-01-12 08:06:23,1,0,1.4737108493009998,0.0
0x0e4af468d94f43e5fc96496ff731081105ef1ab3,2024-01-12 11:17:47,0,1,0.0,0.0224
0x0e4dec31759e7095eac950bfe44889cc88a16fa2,2024-01-12 14:57:23,0,1,0.0,0.8495476
0x0eb725eed33622015277b3d643e778d84a1d5f57,2024-01-12 07:29:59,0,1,0.0,0.1686
0x0f7d82d8e8888b15a05e559fff90d4271d914968,2024-01-12 16:56:59,0,1,0.0,4.17103346
0x0f989af8111ddad7d64a1a33f8c6ff2cb199c5c8,2024-01-12 14:35:47,0,1,0.0,0.0421558
0x0fd879d2d91d16eef0d91f51872e238add3c92ac,2024-01-12 10:21:11,0,1,0.0,0.3023
0x1028f802ea34b52f581950f3c9192e5e3bd171cd,2024-01-12 16:40:11,0,2,0.0,0.0156
0x104f45872f6c16865758b63965115a7aa53c9914,2024-01-12 14:16:47,0,1,0.0,0.253
0x106b3cc94bd07579fcf8e12729e0a6635599a2f5,2024-01-12 13:54:23,1,0,1.676768503875,0.0
0x10e00789f42849f43ace8a6be69d8017615320a9,2024-01-12 11:16:47,0,1,0.0,0.0224
0x11a24167ad88fe9e80b108e63471c24c1e2494cf,2024-01-12 16:56:35,0,1,0.0,0.009988
0x11acba2a9797c3272e5fa7a77b2e674251832ce1,2024-01-12 18:13:47,0,1,0.0,0.0080899
0x11baf284e318ddcc5a524ed4e8eb970dc757f319,2024-01-12 09:40:35,0,1,0.0,1.22383139
0x11d68ca77ea99d725becadc029b18258c1c6576f,2024-01-12 17:50:59,0,1,0.0,1.2458
0x1222a3f0ccb789c7d9ef6abaf87f3ae04b9302d6,2024-01-12 17:26:59,0,1,0.0,0.0185
0x12e72d1cf35a146fca65aed25ed1b991e1dc39c5,2024-01-12 12:03:23,1,0,7.214733702348,0.0
0x130d77ab1eb2b733b5ce7495bc8a426289d33b6b,2024-01-12 12:33:23,0,1,0.0,7.0226
0x131fe86d890c392499dce4ae051dbca56d738c78,2024-01-12 11:50:47,0,1,0.0,0.118
0x13208342e607c5e6cb31b0e8d93c98cffd3281a0,2024-01-12 17:15:47,0,1,0.0,0.01675454
0x132e5b46bf8ea8dce42832c058708cf1ff52d6fe,2024-01-12 19:45:23,0,1,0.0,0.8198606
0x1335192010abb0d47d3372289c443299030d157b,2024-01-12 05:50:11,0,1,0.0,0.112885
0x134e5177aefdd1aeddbf39a5d3aedf156409ff07,2024-01-12 23:18:11,1,0,1.985386038955,0.0
0x138d2eaa9014e8f675b3a4b17e3cea3c0ebf17e0,2024-01-12 03:47:59,0,1,0.0,0.075
0x13d10e9d39b96a4a93c18be8120a5876ae127eb8,2024-01-12 14:25:47,0,1,0.0,0.4961
0x1421be7337b09c95c7c7ffe643699cf7ab9ed97d,2024-01-12 12:09:35,0,1,0.0,0.0567412
0x145ce6c74307c502be8ba521a7fe98e92b2724ea,2024-01-12 04:32:23,0,1,0.0,0.2574403
0x1461820ceb845262f8dc990b664e84d14dba14fe,2024-01-12 13:04:59,0,1,0.0,0.02218632
0x14bd8198fd1b09d722503217daf16e86f90dcda8,2024-01-12 13:06:47,0,1,0.0,0.00887262
0x14d691d78c199509eaa1e46d3a139d6eb1d76c8d,2024-01-12 08:54:23,0,1,0.0,0.0094919
0x150d2f1a1d263f521b96a93b50a407fbd93bb94d,2024-01-12 17:02:47,0,1,0.0,2.71313241
0x15a1d7f91b2ff5f4aca5c30c18b4af20e9def2df,2024-01-12 12:16:23,0,1,0.0,0.0224
0x15fdf2aaeaab805b383cd9f7e9eec09fd8132a5a,2024-01-12 10:12:11,0,1,0.0,0.0078
0x161aba56684d867f9cc9b1f72a6364b087abbfc2,2024-01-12 22:39:59,0,1,0.0,0.098
0x16d151af31b03adb3f709921ce94d22704c7d59f,2024-01-12 11:50:47,0,1,0.0,0.048
0x16d1b51196e059f06436bea0c29ef4f649559804,2024-01-12 10:31:23,0,1,0.0,0.215
0x16e8c05357a5ff6367fb8f09f42e0629fec2b866,2024-01-12 19:26:11,0,1,0.0,0.1352626
0x179c85323a50cd412a25fb3543ffa3aad3439395,2024-01-12 12:09:35,0,1,0.0,0.0197782
0x17a09d21efe897207764462b5762218c3cb32798,2024-01-12 02:45:23,0,1,0.0,0.9868102
0x17de47d6ca2a4165570976a10ef5c7659b69b62b,2024-01-12 05:18:23,0,1,0.0,0.02672526
0x181cf111ca7887f1691f6178588574fb4b904a50,2024-01-12 07:36:23,1,0,1.010460108723,0.0
0x182ead29bf045d2c5d3ea6a5f7f4aab2c984a9c1,2024-01-12 17:50:59,0,1,0.0,0.4764672
0x1833a2c7e72ec01d9d32545acc2187f4dcbec4fd,2024-01-12 23:01:23,0,1,0.0,0.05103802
0x184f3fa46a9ae0d973c49c2c57cf46d87acaa538,2024-01-12 09:19:35,0,1,0.0,0.0844135
0x185df8511167e6cd5e573174d03df7a03e5a1a73,2024-01-12 12:01:35,0,1,0.0,0.0224
0x185fa6a82eaa701dbe949b5ce6db1d3004b4e55c,2024-01-12 02:41:47,0,1,0.0,0.0078
0x18a9e42070bb0a38d37a585772f0eb0552081ef6,2024-01-12 12:33:23,0,1,0.0,7.61483
0x18cee3b05133f786dcd2e216c46d7bb04e6e9fb4,2024-01-12 10:45:11,0,1,0.0,1.118
0x18ef05e41599f09b529b35c4e24fbca79c08940b,2024-01-12 08:49:11,0,1,0.0,0.0096883
0x18fb34ef355426440093a2bdf1b1d508a5b85297,2024-01-12 11:46:11,0,1,0.0,0.0224
0x192513387b1bc31597ebf9f858e19bcb410ead6b,2024-01-12 10:51:11,0,1,0.0,0.0359
0x19ae94518d56ae5f80f04ca2f1bff3e8d4958411,2024-01-12 02:08:47,0,1,0.0,0.0170809
0x19e7e17f558263559d5c343df815655159b6c86d,2024-01-12 11:30:11,0,1,0.0,0.0135
0x1a708f64a1bc537ffe636d0721f1371b01cc59be,2024-01-12 20:09:11,0,1,0.0,0.0203776
0x1aa367054f88b8a43ec1a80f6db9e29e982e24f5,2024-01-12 14:50:11,0,1,0.0,0.1434216
0x1ac6cf013bbcb8396a8c9e2ea1ede24c3437e06a,2024-01-12 15:39:47,0,1,0.0,1.3225454
0x1adce00e821b2b4f61376861d809f181d4c362fd,2024-01-12 16:03:59,0,1,0.0,2.9584363
0x1ae12065fd13aa745f84901180312c2198c48bc5,2024-01-12 10:14:11,0,1,0.0,0.0171
0x1b36a734c54d0040042858ecc94652050c172a59,2024-01-12 15:00:47,0,1,0.0,0.2313664
0x1b682be9c98dc88aeccb9c6ac397a38de8944645,2024-01-12 18:31:47,0,1,0.0,0.0102601
0x1badc1b76598fda3ace11c989e9d9aa7db3c5095,2024-01-12 15:27:11,1,0,2.497276254232,0.0
0x1c0338f322aab0d8848683ce4215a6cc7e03684c,2024-01-12 10:17:47,0,1,0.0,1.93064344
0x1c127339cb2f4e33dc076f864c5cbcf4f460c286,2024-01-12 12:49:11,0,1,0.0,0.085
0x1c6ff4895aa4af0c2d1c636a1c35855ddd647168,2024-01-12 10:21:35,0,1,0.0,1.28584846
0x1c7b14ab211e166711fafb048b3b711b6de48582,2024-01-12 03:00:35,0,1,0.0,0.008
0x1d67f3d2042a8d2b6e16e54dd60b555c7685e68b,2024-01-12 07:01:11,0,1,0.0,0.2678299
0x1da28908eeb92cc66ce876d723cc9418f5c224a7,2024-01-12 12:45:47,0,1,0.0,7.25021043
0x1da85a6013d2d48a2ad6e9c4b990dec1e4192063,2024-01-12 17:18:59,0,1,0.0,0.21572954
0x1e3942633762cb055f671b792104d7427928f788,2024-01-12 17:38:11,0,2,0.0,0.042953
0x1ebecc28f21556b9e9b30edda630814d4816ef6e,2024-01-12 09:06:47,0,1,0.0,0.0512166
0x1ee17fa48444522e7c7d1aeff1027032bd258b1d,2024-01-12 15:33:23,0,1,0.0,0.0700279
0x1f1a9fe1a2e6f69fd896b7a8c43e0ec5427173d5,2024-01-12 12:27:23,1,0,7.480988841845,0.0
0x1f25f8fe4d38bb11f635e97a4a504696f5ccbff5,2024-01-12 14:47:35,0,1,0.0,20.80069117
0x1f437b445aee80188b8f07d96b3b978e952def68,2024-01-12 10:28:11,0,1,0.0,0.215
0x1f89528e0c9db0e2cdc15e96375cb9abdce46dcc,2024-01-12 12:33:23,1,0,0.994257252492,0.0
0x1fb61204c1829dba6c734c798efe6efc6fa697cd,2024-01-12 04:38:59,0,1,0.0,0.0361618
0x20d395970177565b200bb9b4010bcfeb98af8b1e,2024-01-12 05:35:23,0,1,0.0,0.0501
0x2183379ea9f5d8b80f9246f985a9161688e53473,2024-01-12 23:01:23,0,1,0.0,0.0815164
0x21bf4f264b427fa9d79dc5eeef08972d5e224919,2024-01-12 15:30:35,0,1,0.0,0.0363616
0x21d03f0d064e7eb3df4f43dca3a07254841b40ac,2024-01-12 23:29:23,0,2,0.0,0.0423
0x221daab5829d7458dabd02878ca9420064377078,2024-01-12 10:21:23,1,0,2.4773789435570004,0.0
0x2251ea2640ac8a5ed5b666718dd956a1b5f72653,2024-01-12 04:48:23,1,0,1.552197752677,0.0
0x226f12400b575f567ee44c103f506a7ae0d01d09,2024-01-12 06:52:35,0,1,0.0,4.505
0x2290c85bb3ff290331c988c983820a147010fc80,2024-01-12 10:25:47,0,1,0.0,0.45689773
0x229a933de3d977048e07afc630590a91ab88c47b,2024-01-12 03:43:59,0,1,0.0,0.4167412
0x22a8d2df31157675c9329dc3ff3f59bc7ff8aed8,2024-01-12 11:12:11,0,1,0.0,4.898
0x2304041f1bb5eb83c314f81fad9d150a63b3dc78,2024-01-12 08:33:47,0,1,0.0,0.118
0x2356b1b3dac2ac8d54e4181d7dd806d352c129bb,2024-01-12 19:37:23,0,1,0.0,2.0414112
0x23572b691ae68f4e0473d78122a408f47261b94d,2024-01-12 19:19:47,0,1,0.0,1.898
0x238468ef5af2396f01ea9670fa9740ea8f07e304,2024-01-12 22:09:11,1,0,1.955962125427,0.0
0x23f0c48ae9bfee794d85018c611b3819a9ca6dcd,2024-01-12 18:12:11,0,1,0.0,0.2199778
0x24094c8ccda7a5aa33aac6bd2ebb6a875d5afb20,2024-01-12 02:42:23,1,0,1.077173991935,0.0
0x24216f13c3e5cca5d252106af5e85374279b48ba,2024-01-12 09:09:23,0,1,0.0,3.5176768
0x249e50aafe49ea510341ac49ccf15b142ce7e1d9,2024-01-12 15:49:11,0,2,0.0,0.06583293
0x24f659a26f2cbf25cbb06eda1a3fd23190d5a195,2024-01-12 19:11:47,0,1,0.0,0.0395584
0x24ffbae854189c289da698d7ca6d566c735df9e1,2024-01-12 20:09:11,0,1,0.0,0.1108
0x256223519535e8511b5866f53dda073c12b7f621,2024-01-12 18:50:23,0,1,0.0,0.0092834
0x2570896f192c3d1094d46cb18ac43ac6bc0f6a07,2024-01-12 06:03:23,0,1,0.0,0.05417302
0x25e085bbe1a0cba8bdf780c6a5ae8f6af13410e1,2024-01-12 16:03:11,0,2,0.0,0.308
0x25e66380efe5d59c0b39134ac9398b3f2749a55d,2024-01-12 16:58:23,0,1,0.0,0.0870109
0x263ee5c9b330e24f3089bcd83ae2ebfc65e45689,2024-01-12 15:18:23,1,0,4.757750497962,0.0
0x26d338151193267498b113d9bd77c29b3836ee01,2024-01-12 07:14:23,0,1,0.0,0.0171808
0x27928e398f9899ccbdad3902131e60fbd60cabe1,2024-01-12 16:40:11,0,2,0.0,0.0513446
0x27c7deac6828a78ae66449117fd83c607614af69,2024-01-12 11:04:47,0,1,0.0,1.228
0x27d9fae4e12e6d66cbc8584c9f545e7319769829,2024-01-12 05:57:35,0,1,0.0,1.76803811
0x285fab5ad98dde9648268b056ab43cd55d2b1296,2024-01-12 12:33:35,0,1,0.0,7.6943
0x288b3b83e99a746d8a5c3433a898dc7641bb7037,2024-01-12 05:19:23,0,1,0.0,0.0113866
0x28d672acfb06c4dc05c296b52b0fd8d3fed7aae5,2024-01-12 12:40:47,0,1,0.0,7.81732
0x2929b799cdbf6701d937212a970034b93d2c82d5,2024-01-12 10:10:35,0,1,0.0,0.02988546
0x293bf0ef73d34e18984c2cbdedc3ab431c52e31a,2024-01-12 05:01:59,0,1,0.0,0.0353626
0x29a9b13c85a767a0a414cdd7448df24c9874a9a2,2024-01-12 12:33:23,0,1,0.0,0.6126847
0x29bce33625697033c7bd4ff528804c839e4fc6d1,2024-01-12 14:54:11,0,1,0.0,0.0224
0x29c0243c8369f866b22225415a0113bf9ed06e08,2024-01-12 20:44:23,0,1,0.0,5.9982937
0x2a6eeec48fa07c70c37c48208b0e1b3603e4766c,2024-01-12 08:36:23,0,1,0.0,0.67611617
0x2b2c5f2f10ca81fde0adc4675173d8edf6b485fe,2024-01-12 15:59:23,0,1,0.0,0.218
0x2b69451c634926ef69c1af17aaf438848aea9cb3,2024-01-12 11:50:11,0,1,0.0,0.0224
0x2b7ead360ca234f68004308ba2a02b542c05c484,2024-01-12 16:08:11,0,1,0.0,0.11790234
0x2ba8d7a7d1195c7b0e7e51968f3280abd969a1fd,2024-01-12 17:42:23,0,1,0.0,0.0637342
0x2bb4101c8a7d979bf61616263169c390224609aa,2024-01-12 11:39:59,0,1,0.0,0.0224
0x2bb7118b9704be4a69e78499107bd169f048150a,2024-01-12 13:08:11,0,1,0.0,0.07592178
0x2c3c561e42cde799748eca1b0b6c8eb21e063ba7,2024-01-12 06:46:59,0,1,0.0,0.1964014
0x2c7bc174c2a3b303c25cb115ab0e0781a3d4b6b0,2024-01-12 12:27:23,1,0,7.261159617439,0.0
0x2c9d21709e463f4a7d39717d400806b00ac2683c,2024-01-12 03:26:23,0,1,0.0,0.1244734
0x2cd4a8b43be6122db9fc8ba2494fd2255f92b392,2024-01-12 23:12:23,1,0,2.488275375327,0.0
0x2d0a3dc19d46d683bd73995475987327241a59b0,2024-01-12 08:14:11,0,1,0.0,0.3827149
0x2d2741f5a21723bfea931be4f8de12db6b301588,2024-01-12 23:36:59,0,1,0.0,0.0152827
0x2d5671ea7155e214265ae2113522bdfa74d2e5bc,2024-01-12 20:39:11,1,0,1.259457185971,0.0
0x2da9e07e94d67c31e67132c37a9db021a60f7896,2024-01-12 15:27:11,0,1,0.0,0.1534444
0x2e1b184870a6c0e6406fd8ee353ba87847bab2ba,2024-01-12 21:45:11,0,1,0.0,0.0137643
0x2e27f23991f494fcf7ce7b2116e21b8d4cb3795c,2024-01-12 11:17:11,0,1,0.0,0.0224
0x2f47a5e5f40a02f97c48ce2b9f9c449c2a623c58,2024-01-12 17:42:23,0,1,0.0,0.0093886
0x2f88f7aa2e576a9cb79390a8be6ad0d7339bbd0e,2024-01-12 14:34:35,0,2,0.0,0.1183999999999999
0x2faccbea7e0170f1655ab14f721582adffed9f86,2024-01-12 10:40:47,0,1,0.0,6.14841402
0x2fedb4afea4207a8901e8029937fc2c706d758b7,2024-01-12 21:45:11,0,1,0.0,0.18774646
0x2fee42aced2c578adbb7fc946acaf4ee81ebb78d,2024-01-12 15:16:23,0,1,0.0,0.1740238
0x30004a224d3676276c96a2410212233cbec82b9c,2024-01-12 11:57:11,1,0,7.874380045878,0.0
0x3087ce4a627fb2c81552fdab3f70f1afffd3b894,2024-01-12 16:26:47,0,1,0.0,0.0353626
0x30a62644e64c7f51835f15567626289b579e1c12,2024-01-12 02:56:47,0,1,0.0,0.0505474
0x30b949fddf29ec522a04e76fc582795b5c63de32,2024-01-12 12:24:23,1,0,7.744671038572999,0.0
0x30e18e08d5a75c324078e880074c1fc604d95cab,2024-01-12 17:25:59,0,1,0.0,0.186811
0x30e79ffbf7cea7a14ed0ff8e1009dace3d847f29,2024-01-12 02:13:23,0,1,0.0,0.0455524
0x30f6814b37986a05d1c4d1c7c9c945489c6fd584,2024-01-12 11:03:23,1,0,1.117590439919,0.0
0x30ff031971e3a115db694a188f8db4ea907f73ff,2024-01-12 12:12:23,1,0,7.086295351447,0.0
0x3148cfd737336cdf6491f5ab98fccfba0a44d19c,2024-01-12 12:39:23,0,1,0.0,7.04332
0x31735a8cd4511a968349ca14345f41bea9d5854f,2024-01-12 09:28:11,0,1,0.0,0.0247732
0x3187018a3b7e947c4436debb6b329046d93b6d2a,2024-01-12 05:53:59,0,1,0.0,0.3814162
0x31f151d93e899a0c597e7ed004c5071163042980,2024-01-12 17:18:59,0,1,0.0,0.1139839
0x31fc857d467aeec23d31ef7c89b0054eec49f711,2024-01-12 22:48:11,0,1,0.0,0.05
0x3200c41ce4427c7b050392d3a3d101229919539a,2024-01-12 17:00:47,0,1,0.0,0.229391
0x327669e4d847168ee3b616f64ab83698036c4eae,2024-01-12 04:35:11,0,1,0.0,0.25374898
0x329035d0d4b0e173c333e768d178f1364fa4d41a,2024-01-12 13:09:35,0,1,0.0,0.0078
0x32ad7ba9c18d8d2bf2c17e926d65a764cc8b366f,2024-01-12 10:23:11,0,1,0.0,1.57242355
0x338369a5974bc1426f18e86027e8be0952a0ed66,2024-01-12 11:44:47,0,1,0.0,0.0224
0x33b87d97c0b20af9310d6ef56202aeec0d9a3780,2024-01-12 20:36:59,0,1,0.0,0.019
0x342778332b78a148f2b66605cab9424cc6f3d67e,2024-01-12 12:34:11,0,1,0.0,7.83433
0x345b3d8257491b4b0ab8a4962d52add364fc4413,2024-01-12 15:17:47,0,2,0.0,0.1175776
0x347df20a8f88541bac37dd3f7e3b5313a42c1441,2024-01-12 23:57:35,0,1,0.0,0.1936
0x3523a7c74bbb924e315d96ed2818bed2939a47e2,2024-01-12 05:46:59,0,1,0.0,0.0160819
0x354a8a48e783d27dbc8af58da7e4e55e4bf61bc1,2024-01-12 07:23:35,0,1,0.0,0.1469985
0x354eca587d174154965c6b81b66278a81074e11e,2024-01-12 12:40:47,0,1,0.0,0.0095884
0x3565f6f4480663e0a8bbd189756c03a6d5f9c3aa,2024-01-12 12:27:23,1,0,7.524032043457001,0.0
0x356bd00005e6274712d896c4b6216274e9325149,2024-01-12 07:15:23,2,0,4.121553913615999,0.0
0x358669941d804cdf9ba8702f38f6b943954bd0e8,2024-01-12 13:04:59,0,1,0.0,0.008
0x368dd1611ace1d5a1d3e95f3edde8be622530746,2024-01-12 17:27:11,1,0,1.281874884496,0.0
0x369c3010e4a44fff92a45ecdcaac8a65b69e6da6,2024-01-12 11:23:59,0,1,0.0,1.238
0x370eee0cf840c93577e33bdf73d3f2f2362f04c4,2024-01-12 02:52:47,0,1,0.0,0.498
0x37c17aebe49090b4bd6d88c86f1131dade3fbe5e,2024-01-12 02:35:35,0,1,0.0,0.0857122
0x37e4ec06e70c071fbecff5518aa75668610f258d,2024-01-12 05:12:23,0,1,0.0,0.68731001
0x3821e85aaa05d87eba05f1454dfde5cd883ddaa5,2024-01-12 12:21:11,1,0,6.629903473844,0.0
0x385aa35f83dc54524fd25f3f3e3b3350e2ab7516,2024-01-12 17:48:11,1,0,0.991850609245,0.0
0x38e0100fd95fbae09934f6e84d4751f96272297c,2024-01-12 03:10:47,0,1,0.0,0.17911991
0x394268d5f0993ca01b8892f2f8228b9a02fdabdf,2024-01-12 02:21:23,0,1,0.0,0.039958
0x3990b9769573cf0ee4c587fdbb90607652b40964,2024-01-12 11:13:11,0,1,0.0,6.31466855
0x399f146b87fa30f2a128a62be6009443d7ce460c,2024-01-12 22:48:23,1,0,1.985320845243,0.0
0x3a743549d65aa318062840b53039da8f129e6636,2024-01-12 17:55:23,0,1,0.0,0.0554425
0x3a92b0f6ccf37b6f86efb93125424a0d1a124fc1,2024-01-12 15:15:23,1,0,4.38266298038,0.0
0x3aa59732df68a0cead2bf31df505e7689ab5764f,2024-01-12 22:42:23,1,0,0.999340501807,0.0
0x3ac6568b68649d1b40648bc28249699057ea2733,2024-01-12 13:52:23,0,1,0.0,0.008
0x3acc995a65e240adf8a5c7d69652f3fac321fa34,2024-01-12 12:21:11,1,0,6.600981357326,0.0
0x3b01bab608e12b77098e7f1b2da41abd6adbe6f2,2024-01-12 20:18:23,0,2,0.0,0.0177361
0x3b622e36f6171870266e653b79d9f54b0efdd48b,2024-01-12 04:44:35,0,1,0.0,0.61518386
0x3bab1fc6f0e2265b5fea6a23d154bc4b0c67f1f9,2024-01-12 23:44:23,0,1,0.0,0.0097
0x3baf177b5463d06a246597bd8b003c9be3978a11,2024-01-12 23:01:11,0,1,0.0,0.01118789
0x3c55ff7c0451b22e0ecf77ccb0857b5732745bfa,2024-01-12 15:41:47,0,1,0.0,0.0088891
0x3c7af96a6e025777b7ce686ea3607ce8d9f605f2,2024-01-12 17:50:59,0,1,0.0,0.1203775
0x3c8477eda7e069d938faf631a15ae3e73f05b735,2024-01-12 06:33:23,0,1,0.0,0.57229
0x3cdf6d72008399680f9d4b05c04791900e3b4659,2024-01-12 08:48:35,0,1,0.0,1.12
0x3d00396754cadb303ecf6269b80acdf8e86e75a9,2024-01-12 02:21:35,0,2,0.0,0.6136817
0x3d14bb4b9a5c25e85560677a4a0bf9f59ad482fc,2024-01-12 12:51:47,0,1,0.0,0.14560531
0x3d558810efce79fe0bbfcf361a4da8b95a303b5a,2024-01-12 07:30:59,0,1,0.0,0.1579399
0x3d6368af596ade57d610a5b1ce5f04fd934c7afb,2024-01-12 12:11:47,0,1,0.0,0.0224
0x3d79b21bb34350f40fd892dd5d272b41a9632742,2024-01-12 20:32:23,0,1,0.0,0.00940628
0x3dc05acfed8647e21fc2bf57ed10ed3c8da4b4a7,2024-01-12 15:56:23,0,1,0.0,0.0933046
0x3def6927aabf55d6080557a8755a08a60710aff5,2024-01-12 11:16:11,0,1,0.0,0.0224
0x3e2b3b24449cb28c41b66d8c68f6f7399aa8f0d1,2024-01-12 19:55:35,0,1,0.0,0.1423555
0x3ea6b145dffdff692f8ece0c45a05cc536c5a244,2024-01-12 23:13:35,0,1,0.0,0.3200028
0x3ec4777074efd43e26dc1d9d44d6ad870f7217e7,2024-01-12 13:33:47,0,1,0.0,0.07663461
0x3f016771bb3e2feda564c928830d86679a0e7ff3,2024-01-12 11:03:23,1,0,2.019752239919,0.0
0x3f29662aeb523c782bc00389a40b1a8456b999f8,2024-01-12 10:24:23,1,0,5.258392086886,0.0
0x3f2d74a2dfb72ba19f6f2e25e8324648c9a0d7da,2024-01-12 16:17:35,0,1,0.0,0.79291825
0x3f315c098325b3bd25c4d9dccad5c77b47a1d631,2024-01-12 13:52:23,0,1,0.0,0.008
0x3f95664dcdfc9e67d754f50bdcc8218b5b67401b,2024-01-12 12:30:35,1,0,6.815124529192,0.0
0x3fa71a96a09ba6184d23ca6539ab993d57ba5b01,2024-01-12 15:00:23,1,0,1.2420179662750002,0.0
0x3fad3e4f786d033833d7df2b676c1cbaf834f749,2024-01-12 12:36:47,0,1,0.0,7.9583
0x3fb8ae97aec1fc8096017463b700aa0ac0c4b3fc,2024-01-12 19:49:11,0,1,0.0,0.0078
0x3ff146c0142c6ac4102d776505211f51e6c5368c,2024-01-12 19:58:47,0,1,0.0,0.1846132
0x4053569c00561a1bc342287800e153d68838c23b,2024-01-12 17:34:35,0,1,0.0,0.01
0x4062248fea68b1bb1a8d4403b5daac9d5f1b8a92,2024-01-12 11:51:23,1,0,6.653958210272,0.0
0x40eb57d571195604ee58fee434acb0cd192398ab,2024-01-12 15:36:59,0,1,0.0,0.00909329
0x41082a8ecf5f799a2eef3541dc4b5c0b077bb21a,2024-01-12 12:12:23,1,0,6.496477740831,0.0
0x410cfe926a46685365deac82f4c0b7a580f1797e,2024-01-12 15:34:23,0,1,0.0,0.10098051
0x4117f30a35e0a936eabaf8d24382a44f8e2d19b2,2024-01-12 14:00:35,0,1,0.0,0.0622237
0x4125dfeb59755d363071c26aba6f904d9627d6fb,2024-01-12 08:03:23,0,1,0.0,1.01835892
0x417c7318a8b39172578e79ee181622f5c2b67a71,2024-01-12 14:39:47,0,1,0.0,0.067
0x41f9ae67f10c4c00816df3f0430319f11b3a9c80,2024-01-12 18:50:23,0,1,0.0,1.5846118
0x4264069e3ab2a598b2e561e0a599e77a13730ab7,2024-01-12 03:47:59,0,1,0.0,1.8
0x4305c1ebd37e8f66785349bf6beed90c77e8207c,2024-01-12 14:50:11,0,1,0.0,0.3760216
0x4324e20b9f593564c4f8ac2e527d686b5dcd8c4e,2024-01-12 12:34:11,0,1,0.0,6.52598
0x433ecb5e6ceebc92528af6948e91345275ee4271,2024-01-12 20:07:11,0,1,0.0,0.0178801
0x433f602ae1c1e0d3b120a6020a5986b83bece5de,2024-01-12 12:42:11,1,0,7.862646746314001,0.0
0x4471c5b2c96cede1fcc2a6cb93f8df702edb0c1d,2024-01-12 18:42:11,0,1,0.0,0.0207772
0x44b7098ba777fb736e3656858ad31362b450830f,2024-01-12 10:30:23,1,0,5.268012182078,0.0
0x455630f0cd5960ce1cc22302a98fc076a7f55c5a,2024-01-12 08:49:47,0,2,0.0,3.4044881
0x45570fe52d8747de122cbcbe88cb42246e1b8f92,2024-01-12 08:36:35,0,1,0.0,0.4512961
0x458805054b39128115500c2d803d46e157000103,2024-01-12 12:33:23,0,1,0.0,0.0764215
0x45a5fcc8579df38db3aab3d51533176cad9ee8c4,2024-01-12 21:45:11,0,1,0.0,0.0486
0x45af3b96de2916bb0c1b845f85cc9b12380e4da4,2024-01-12 16:58:23,0,1,0.0,1.11250144
0x45f707e26a18547192820dcf01a05ad2712dadb4,2024-01-12 21:24:23,0,1,0.0,0.018
0x460c4ca61f5e5cfe376c262d568d45dc248527dd,2024-01-12 07:23:35,0,1,0.0,0.00794435
0x46205e067aa64baf310ac1965e4f9cb1fe0a0c62,2024-01-12 11:09:11,1,0,5.417227540038,0.0
0x46365f39cafa9a2cec1749af365f5b62eaef9094,2024-01-12 12:02:47,0,1,0.0,0.01589144
0x463d0e9f42126bfedebdba48c4f3002fc0250c12,2024-01-12 13:04:59,0,1,0.0,7.63232
0x464c82dbf52ed0f3e90e2b24a878fbff7cf754e3,2024-01-12 15:21:11,1,0,2.457157468383,0.0
0x467dff5627f13b71a10a62c9d79a34be4043ae69,2024-01-12 06:04:47,0,1,0.0,0.02877156
0x4690e76bdaeeeacf322c2c23f327763a238c4407,2024-01-12 12:54:23,0,1,0.0,0.0298481
0x46a13c964602a56c4d4fdbc8e15a289ae4e0abea,2024-01-12 10:35:11,0,1,0.0,0.0708271
0x46dcd9ea1695b9ee6ff107e562288591e1269cff,2024-01-12 14:31:35,0,1,0.0,0.0125927
0x4758aa8c87d4df1e3565ed6c48459b2424dd1dcd,2024-01-12 19:52:35,0,1,0.0,0.02569524
0x47823093493eda8ee0a96d30e21093df2a3036d9,2024-01-12 14:19:11,0,1,0.0,0.0103876
0x47a100f5cbea9521fbe0a9e0633569c1953c6883,2024-01-12 10:47:47,0,1,0.0,0.01
0x47c2bc01ee071d4f4f98b236fce841672ea19215,2024-01-12 20:18:11,1,0,2.383607045528,0.0
0x47c7987c232b350d408d7c0e5703a64fad55f1bc,2024-01-12 19:31:47,0,1,0.0,0.0131848
0x47db3de230bfd385317fc55137be50742646e303,2024-01-12 15:17:47,0,1,0.0,0.13632398
0x47e93f998b64bf7939090e9f686310c9c9ee69a7,2024-01-12 18:24:59,0,1,0.0,0.0115864
0x48e45e1400f68bd645e02d224f80215a723454dd,2024-01-12 13:41:59,0,1,0.0,0.0078
0x4976780d516b4e8a66011b5877333062bccf75ab,2024-01-12 15:27:11,1,0,1.195278289593,0.0
0x499dcb59c8ab5b38cee2f8b500c55ce2e456b075,2024-01-12 21:33:59,0,1,0.0,0.0384086
0x49c24a196c933defd7b14d5745f5d75a8a4b8c0f,2024-01-12 11:49:47,0,1,0.0,0.0224
0x49c8c6301fe4db765205daa67091a02bc4698220,2024-01-12 18:59:23,0,1,0.0,0.3707269
0x49d8363ad6282a5f86d79c7d573504e52e7c2ece,2024-01-12 03:11:59,0,1,0.0,0.829168
0x4a08f86f1a14e26b85bc99d7c2c3ac9ed5443c30,2024-01-12 09:49:35,0,1,0.0,1.47165
0x4a6a02291510beac3217627657f1a679b53b7177,2024-01-12 22:09:11,1,0,2.627098927397,0.0
0x4a6c90025c8d18527fc3006e8f1dc6ce3a5fcd02,2024-01-12 20:48:35,0,1,0.0,0.03487498
0x4ae879549617ec14419b72a619d3b896e7634507,2024-01-12 12:34:47,0,1,0.0,7.01037
0x4affe52407364f8e9e9d9a957c9982126d48e453,2024-01-12 12:36:23,1,0,7.173376977431,0.0
0x4b14bd63cc86863d42c20521ff1cf2dada4e49d9,2024-01-12 15:39:47,0,1,0.0,9.0958
0x4b9b084b4ac124067ca14fa921264b5e19e3dd0e,2024-01-12 12:39:23,0,1,0.0,6.61698
0x4bc6b99257e601b69c3aadeaa7ee4dcc1e4284c2,2024-01-12 10:37:11,0,1,0.0,0.13006199
0x4bcca897358fb12e8bc11f4c74266e8b9d2407a3,2024-01-12 02:30:23,0,1,0.0,0.0963016
0x4bf11c4b6540e0266c7ff0324d415671a0050f8e,2024-01-12 18:41:11,0,2,0.0,1.06493
0x4c0ad02855de91e57132d00b5292fa70b3232d92,2024-01-12 20:16:11,0,1,0.0,0.0561418
0x4c822761b8bdaedbcc92bb25157af26ad0aa4586,2024-01-12 07:48:23,1,0,1.155105145524,0.0
0x4c8307b5221b80e3aa8807ebdf363fd7458fa71b,2024-01-12 19:52:35,0,1,0.0,0.1238477
0x4cdb94ae3d1c8d0bd069c2855aa381498644e1c5,2024-01-12 02:41:47,0,1,0.0,0.0115
0x4d07e010aff560de7870a85792e952f42ad7d6b7,2024-01-12 16:27:23,0,1,0.0,0.0455524
0x4d156ff35c3559354780a7c67ff5ea663584b381,2024-01-12 12:40:47,0,1,0.0,6.55419
0x4d2b5176c15529b414465525c7a8d4e08cf1652f,2024-01-12 12:00:23,0,1,0.0,4.02268574
0x4d82a9164279a8e64a8cd47041003d74d826cb0b,2024-01-12 12:33:23,0,1,0.0,7.9183
0x4dc552999436f08ec245f532de89c0db87e7dd42,2024-01-12 13:10:47,0,1,0.0,0.0151828
0x4de82b127b1917f07beb6674c65613c447765d57,2024-01-12 04:54:23,0,1,0.0,1.07552076
0x4e507ffac1b52b318d831e81b3c8434da30849f1,2024-01-12 14:55:47,0,3,0.0,81.3217908
0x4ebd0c084c58c76d38c76309e0c1600f2961d95e,2024-01-12 18:52:59,0,1,0.0,0.01590791
0x4ebe9f2c043d60515dc9a3a551b2e1388309aceb,2024-01-12 03:37:35,0,1,0.0,1.0841
0x4ee3058803cc20e7adff39b6f34516240b9ef167,2024-01-12 19:51:11,1,0,1.009328979667,0.0
0x4efa92ff631af6a476d8bb7227bfb928635fc5b7,2024-01-12 03:36:47,0,1,0.0,4.43661224
0x4efa9bbc81ddf835e8b8b89c0fb8e7507adac5b7,2024-01-12 03:37:59,1,0,4.436612239999e-06,0.0
0x4f0f96dede2d4d52c3791486a74530a4920eb0e0,2024-01-12 12:49:35,0,1,0.0,0.0097793
0x4f1b869c4b6b200d6c0257048a541c2aa0522eb0,2024-01-12 12:33:23,0,1,0.0,7.0465
0x4f3233fd3fe16de21878adebdc3aca69a276db57,2024-01-12 14:54:11,0,1,0.0,0.008
0x4fe50ca22b86048dd8125c3d895d44b3275e7565,2024-01-12 18:33:23,0,1,0.0,0.1530448
0x50443b85664721257f64d40bc687cadbe62f65cc,2024-01-12 08:12:47,0,1,0.0,4.485
0x50578bd035eecbbbb35d63e7d91cf8d78b0bd38e,2024-01-12 20:30:23,2,0,2.8313013826090003,0.0
0x5062b6f5f3e054af8fe72bbfc776eb1487343589,2024-01-12 17:25:59,0,2,0.0,0.0496999999999999
0x50feb4580d54711d52c94f641e265339401870fb,2024-01-12 20:36:59,0,1,0.0,0.998
0x5102a2892b326c1a78677508264fa3ddd86b01fd,2024-01-12 19:53:47,0,1,0.0,0.0846133
0x513053e213a3fb7059f4d78a1ad6e7c9ca45fddd,2024-01-12 16:03:11,0,2,0.0,0.4004259
0x517d3e50a15fef672d945bea02008dd52165bb94,2024-01-12 08:07:23,0,1,0.0,0.098
0x51971c86b04516062c1e708cdc048cb04fbe959f,2024-01-12 01:42:23,2,0,2448.140538986342,0.0
0x51fdb8b4d2e34ec6378669f30dde29ea08475b5b,2024-01-12 02:54:59,0,1,0.0,0.06415434
0x52a76dcef33ceeb3e8993a92db78a168784ddd2b,2024-01-12 17:51:11,0,1,0.0,0.0090889
0x52ddb237efd0e3e0e8859357f588ae323540d25b,2024-01-12 11:40:47,0,1,0.0,0.0224
0x530d7c000e8ea4b36942c4ed6ba7dda5d7cca81d,2024-01-12 15:54:11,1,0,1.00727524426,0.0
0x533daa8109208a390eb6ced2bf3b1d732d06d7c1,2024-01-12 20:06:23,1,0,1.107578580993,0.0
0x535080cff25f5915e0b8d0d317bd0ba1597b2eea,2024-01-12 12:30:35,1,0,7.291352705653,0.0
0x536234bda9b4870f2e0c861661b25bdba077e901,2024-01-12 13:52:23,0,1,0.0,0.008
0x53c0a54e1de5a20c98487fab91bf1a8f45710a2e,2024-01-12 10:12:35,0,1,0.0,1.029967
0x53c0b61ed8f7963ee5c80850a4c18fc56daa8a03,2024-01-12 23:01:23,0,1,0.0,0.0080709
0x53e7bf21b13df099ef72ef5bcf4e027b095e93dd,2024-01-12 04:12:35,0,1,0.0,0.3690433
0x53f6ad4666e317553d2c80f6f407f13ce930dc56,2024-01-12 19:42:59,0,1,0.0,1.8684277
0x54c3ba223927cfa65208d3fceeb185c0ed74b8de,2024-01-12 16:12:47,0,1,0.0,0.0647332
0x54ec69490580db5b7c2cada1b912aa7ef0330d5e,2024-01-12 02:17:23,0,1,0.0,0.204793
0x556af66051725e5db02c55605b4da6e1bc4dbbef,2024-01-12 04:18:47,0,1,0.0,0.0113866
0x55bdf0ede8672f02a223128058f3882bacafa0c9,2024-01-12 06:41:47,0,2,0.0,3.0442314
0x55d105dd325a5093542eb487ad45067fa6a6fe40,2024-01-12 04:40:23,0,1,0.0,0.018
0x563f7a0205e64b390846940302e969b6a9670599,2024-01-12 14:09:35,0,1,0.0,3.96992564
0x56434a7983707a1aed187cc1a2f38ae6ebc999c3,2024-01-12 12:15:23,1,0,7.676165235891,0.0
0x56662e99902272aa49d77e120393e823304f7c21,2024-01-12 06:18:47,0,1,0.0,0.0103876
0x56665ec3901abc0a69babcb3b6f4ec4782f95901,2024-01-12 22:39:59,0,1,0.0,0.01135438
0x570d33776a8f7d48df034cf650ce0cead37d980e,2024-01-12 08:39:47,0,1,0.0,0.128
0x571d93ede505d35f62e7ef4ad3d831b5a7741062,2024-01-12 15:56:23,0,1,0.0,0.008
0x5723583197e4a462534a2db4147983345d8cbcc8,2024-01-12 02:40:59,0,1,0.0,0.198
0x579a16803e6f8b04e63b22c967c18f2f712bf438,2024-01-12 17:25:59,0,1,0.0,1.058
0x57e002cab61c724833d550dabcd35c5bf66dc484,2024-01-12 02:19:47,0,1,0.0,0.028
0x580d2f3385da54194bcd5da0a29301d3817cd6aa,2024-01-12 19:34:47,0,1,0.0,18.777825340000003
0x58989f6996fd4c04b5c0f734df75e4116262b410,2024-01-12 03:39:35,0,1,0.0,0.0231034
0x58ef6e9f01993866588d0b2b563ae28c67db8d4e,2024-01-12 21:41:47,0,2,0.0,0.0158
0x58f531d98cac943a7a2c1686e3b5f06252f7cbc1,2024-01-12 14:45:47,0,1,0.0,0.188
0x5908829e93eac52419ed1717263e305d2787152f,2024-01-12 03:50:23,0,1,0.0,0.088
0x593b5c7e66f5619b8f18e75cd30b223b8db76ce6,2024-01-12 15:09:47,0,1,0.0,0.0361
0x59ad0bfe723bac0c847b2efa94c4227e0b4a062d,2024-01-12 13:00:11,0,1,0.0,2.2928
0x59baa1b5de1158d5ca7654ecde1599964ca37ea6,2024-01-12 15:07:23,0,1,0.0,0.0094885
0x5a07920c610cf169de5bc0fea4aadf5a64931090,2024-01-12 21:24:23,0,1,0.0,1.09999785
0x5a7ca6697a07f74bde6e719be55dedca00127f27,2024-01-12 11:27:47,0,1,0.0,0.1662
0x5ac595359e43a199539b5ab444aa9c8c0b9264fb,2024-01-12 17:15:47,0,1,0.0,0.1611
0x5ba1ed6c0296990c20e737815625ce8c547715ff,2024-01-12 08:01:47,0,1,0.0,0.10338
0x5bba7b51a8a1680e2af939083b36929945a1511f,2024-01-12 11:40:47,0,1,0.0,0.0224
0x5bdf85216ec1e38d6458c870992a69e38e03f7ef,2024-01-12 09:38:11,0,1,0.0,95.66953954169618
0x5c20246c393ec9f733058dbc61b502547a3ee5c0,2024-01-12 19:39:11,1,0,1.049197218757,0.0
0x5c68279ec42c13932b762430ea7101331e06502f,2024-01-12 06:49:59,0,1,0.0,0.0680299
0x5c78dc197329b0ed8a4025692275897d210355c2,2024-01-12 17:59:23,0,1,0.0,0.0090889
0x5c9c08818ea9f4479db38badf433233a3df8c7e5,2024-01-12 12:35:11,0,1,0.0,6.91092
0x5d0681fb53e066fb5d0129f455a9532827d986b1,2024-01-12 03:48:47,0,1,0.0,0.00786405
0x5d08154d8346c5081cae5ed1b368a98c69b9ccb0,2024-01-12 11:31:11,0,1,0.0,0.00989898
0x5d4e1e76f19ce825b34e57ce8627ead45f4da15a,2024-01-12 11:51:11,0,1,0.0,0.0224
0x5d627561e84f68179c5e23dab891c4569ed73f3b,2024-01-12 17:30:23,0,1,0.0,0.0432547
0x5d81dce3c3ea417ee4a573a3b79906a2793dab33,2024-01-12 12:13:47,0,1,0.0,0.0224
0x5da5d1eb757ee3244ce22f2e5bdafe280f89fbb2,2024-01-12 18:04:35,0,1,0.0,0.1743235
0x5dd81bd1db758e63617cbed90b92a221ff44a3ad,2024-01-12 11:16:11,0,1,0.0,0.0224
0x5e016c84ce21bbc33eec6a9fece8e1dc32f1e8e5,2024-01-12 12:41:11,0,1,0.0,0.059447
0x5e16ada9761901977bb4fe6335b55548115040e2,2024-01-12 22:17:59,0,1,0.0,0.08607085
0x5e5eaab240abc4e1a194cd3a400a38e8e2258fc1,2024-01-12 15:57:23,1,0,1.189991600022,0.0
0x5eb74a1a1c7a1b276362edfaf660af3084997ba1,2024-01-12 12:15:23,1,0,7.824763146961001,0.0
0x5ee165e2b00016d302241d89e7e45bbf2ae8c89f,2024-01-12 09:21:23,0,1,0.0,0.0325696
0x5f10b682489a1eda2f8bb2fee48de4b3c401246f,2024-01-12 20:41:35,0,1,0.0,0.2069908
0x5f557b0be31f48c3914bb4552a3f718645dc8f88,2024-01-12 02:49:47,0,1,0.0,0.00786152
0x5fd85de46fb006e968c5bff41d76b3fb464d819b,2024-01-12 18:57:47,0,1,0.0,0.00799
0x6036c86e5849f858bd0cc345922f8eec1b48e25e,2024-01-12 15:30:35,0,1,0.0,4.21546366
0x60915eae0a1e15184bad98ca6fb973fb7f9f17ae,2024-01-12 21:52:35,0,1,0.0,0.01720918
0x60a1901fcd2d6f27f5f6d7c18afe15faa7851589,2024-01-12 19:29:23,0,1,0.0,0.0104875
0x60a89561d9d1dc72b34b01e9574ee92d87487481,2024-01-12 10:37:47,0,1,0.0,5.008
0x61df35a0dec371276ef8d49eb8e33bffebcc94c8,2024-01-12 21:37:47,0,3,0.0,0.1441
0x624af2f691bdf7566a82763c7467c74fb072a990,2024-01-12 07:35:47,0,1,0.0,1.498
0x627167efd9e5e3bec70091e437531a8f9616ca55,2024-01-12 12:18:11,0,1,0.0,0.0224
0x62e326c513a5eff24bada949adee19112811c071,2024-01-12 23:36:59,0,1,0.0,0.0096883
0x62fabfee0d16503cbb7132c4c8ca77f5ed6ceb8e,2024-01-12 17:47:11,0,2,0.0,0.04610792
0x6311e645710ad45bbf5870e801a59a03b1dd99ee,2024-01-12 11:40:23,0,1,0.0,0.0224
0x636e297958eb3ee87979891d546e3976e98085f7,2024-01-12 15:41:11,0,1,0.0,1.3645546
0x6385135ac1e0dda12d4fdf90669019d0eace88e8,2024-01-12 12:24:23,1,0,1.127419850621,0.0
0x63b89f0e194c3dd7e2b2f2037d19144cd445a3c2,2024-01-12 03:28:47,0,1,0.0,0.01798
0x63d6648310c5c0cbfe963eedeb2ffca77896bc97,2024-01-12 06:04:11,0,1,0.0,0.00872075
0x63f9e504c698f1598e003c7b007516a2c2b15eb0,2024-01-12 20:16:11,0,2,0.0,0.0265694
0x646715452c3f9f8e31318e6d8808d88f756a07ec,2024-01-12 18:39:11,0,1,0.0,0.0095788
0x64dad676480267738d451a4d8a6b05d31af35daf,2024-01-12 08:36:47,0,1,0.0,0.118
0x6534e0cbdf54d37015318ab8fd3ea6c9002a7033,2024-01-12 07:36:47,0,1,0.0,0.074923
0x6541bd50f969ebad5846615a2b151882452a0168,2024-01-12 11:39:59,0,1,0.0,0.0224
0x656ba4c33751f61f6c0d3952031c46bba55e3d5f,2024-01-12 11:21:11,1,0,1.227657867223,0.0
0x657b362765be47e562e731da8e2fee1d78965f4b,2024-01-12 08:57:23,0,1,0.0,0.128
0x65be54dcda2db558ed73a9dec2666e0cd225838b,2024-01-12 11:52:47,0,1,0.0,0.0224
0x65e6d3233e798b0887ef04a9e56ef845eff162db,2024-01-12 07:08:23,0,1,0.0,0.078
0x65ed1c010ef8163f35fbc4dbbec2123c6bcf2675,2024-01-12 10:24:23,1,0,1.207464331097,0.0
0x65fa75520755e1bf37dc18d1e0ec1c8bc6fb0047,2024-01-12 02:28:23,0,1,0.0,0.07585234
0x6613950116d5111b46abee99de1ee4d42f9f3c7c,2024-01-12 04:12:35,0,1,0.0,0.3287348
0x669eda743b3ba17d0524fa6550e713be1f1b7c97,2024-01-12 05:13:23,0,1,0.0,0.0211768
0x66a3b06122a624d0e974708b1d7891cfc9f0c61a,2024-01-12 12:12:23,1,0,6.704799664303,0.0
0x66d77d6ef51ad9d3d716dfdcd5a8823d4715b62a,2024-01-12 18:18:23,0,2,0.0,0.10589
0x66d7ac87e942013c0d615d9ca404cc9594793b96,2024-01-12 03:09:47,0,1,0.0,1.0033936
0x66dbc9a0d6af4487203cfcf60e6adcaa1378b659,2024-01-12 15:40:47,0,1,0.0,0.218
0x66e19fcb3cc087cc1fcd5e25c8f46d6d422571ea,2024-01-12 03:06:47,0,1,0.0,2.9972
0x6701d39202cf1d3eac9aff7e3e544fa7d56fd78b,2024-01-12 12:51:59,0,1,0.0,0.0078
0x6709efaddbee90dbef5bcf160dbdbd072d56027a,2024-01-12 09:45:35,0,1,0.0,0.01
0x67d2267f5d3f701ab5b665b15b34928644307328,2024-01-12 21:11:23,0,1,0.0,0.0131848
0x67d8148fb2858069b58e58c02ab416c583bbd68d,2024-01-12 11:49:47,0,1,0.0,0.0224
0x67da7023b059a38a2260db622d850cbe662fc73e,2024-01-12 03:51:35,0,1,0.0,0.00808696
0x67f53789a174afa50f5c176d72ac5b3e4490a198,2024-01-12 19:23:47,0,1,0.0,0.0191
0x68203520c385b944c670a9734b98e566c5d4de31,2024-01-12 08:54:23,0,1,0.0,0.0133846
0x683deb2a7ff8bd33a575f225e42694b694f20960,2024-01-12 08:44:23,0,1,0.0,0.138
0x6872a5a82d58c6bc5db9abacc5e66ea64d6fdd2a,2024-01-12 17:11:59,0,1,0.0,0.0356623
0x688fb99b0c8c0095ba463cfcf9d4e589797ef02d,2024-01-12 05:06:35,1,0,3.458354910308,0.0
0x69329dbba9bc59f3f751688018bf2c5af5d73ef6,2024-01-12 06:06:23,1,0,1.199078644445,0.0
0x69511cf8e55cfe9ba57974b58d3d12996d24279f,2024-01-12 17:51:11,0,1,0.0,5.67141838
0x6991fe9df938b6627436edad433ebbb752c0b95d,2024-01-12 11:25:47,0,1,0.0,0.0078
0x69ea7dcc37207c0c56fd1f7bf9457c68c4de84a3,2024-01-12 06:05:23,0,1,0.0,0.079918
0x6a0eea86ab78a96b37a6c067b9308561bbc0f2ea,2024-01-12 13:52:23,0,1,0.0,0.008
0x6b2871349e71973139d71fcf25a86462ee2f2247,2024-01-12 20:36:59,0,1,0.0,0.2452525
0x6b425f95460d3a27feaac6f6a8be5a5ebbac87b6,2024-01-12 12:39:23,0,1,0.0,7.33687
0x6b73c60a6ea1d081777d5cd9db3a6039a0809457,2024-01-12 18:26:47,0,1,0.0,0.2781097
0x6b87741f3c75cf2590a0cef24ea79cd91a5d4c42,2024-01-12 20:02:59,0,1,0.0,0.3449527
0x6c1828ead3691c3ca80883f1b3c157d3d4f2f50d,2024-01-12 18:33:11,0,1,0.0,0.6572401
0x6c29ee3222d082fb2e24cc9be7713a5b6212a82d,2024-01-12 17:08:11,0,1,0.0,0.298
0x6c2aaa409bc02ef8654021c9398b9aaf31a5c998,2024-01-12 14:31:35,0,1,0.0,0.4004054
0x6c5468e366a9cd9aa93a100709b22c1c2ca48add,2024-01-12 10:27:11,1,0,5.09909901429,0.0
0x6c89deffd81cbc4d72338bce3f332412b6db137c,2024-01-12 17:34:35,0,1,0.0,0.012985
0x6c98046be3a58b9370ab959bed8fb389a20b2066,2024-01-12 19:49:11,0,1,0.0,0.7563409
0x6cf55ce324a9a3a8f9a3aa51bcc0d65611ff3938,2024-01-12 21:24:35,0,1,0.0,0.1293685
0x6df19459b154c42a35b6458d80ee76013e82c7d5,2024-01-12 21:57:23,1,0,11.265127576001,0.0
0x6e8349e87f11e08c2d46a74a3ee92e067459d158,2024-01-12 01:53:35,1,0,3.523252049317,0.0
0x6e96c3161fb9e9e05ae86746e5a7f81e27d35688,2024-01-12 16:56:59,0,2,0.0,0.31349041
0x6e9a2a6df678f5bba3fe7f08b30cf6ee8a5d7322,2024-01-12 23:59:23,0,1,0.0,0.097
0x6ee1139d5659b9292ffe412578599d04e2f5588e,2024-01-12 14:48:23,0,1,0.0,0.0094885
0x6f1f5110414af6802eb00db8ff61d6200c566ab1,2024-01-12 22:12:11,0,1,0.0,0.0848131
0x6f32acf8f6acfcfc274d7ca20abf9b92f12f300e,2024-01-12 05:33:59,0,1,0.0,0.2110867
0x6f3a3a5ca7bd7d9747678f48757d6f9f8d744ec4,2024-01-12 16:19:47,0,1,0.0,0.1729
0x6f7ffa25ae7956427ca094a4028b3528a56988e9,2024-01-12 02:38:59,0,1,0.0,0.4698277
0x6f9e60ae6aed293cf734a80738eaf09e2e6f57b7,2024-01-12 07:54:23,1,0,2.300812883747,0.0
0x6fa0515fbda6c62b097f6dde3a24b8fb3a1812ec,2024-01-12 16:00:23,0,2,0.0,0.299
0x6fa4dac7b352c3e11a9c5451c98b6b74fb5eb3fd,2024-01-12 11:13:47,0,1,0.0,0.0224
0x6fa976d6086875e4a19023414ee3a40016672448,2024-01-12 04:36:23,0,1,0.0,0.011643
0x6fbdf22ef2ea17631c0d8c3933d3920f5aa5101e,2024-01-12 16:04:59,0,2,0.0,0.3
0x7005361abbe811933a52ca4bbf78511863ead078,2024-01-12 12:30:35,1,0,6.884810698789,0.0
0x7061fbafd430ba6c8e0b6ff823035430f3024532,2024-01-12 16:08:47,0,1,0.0,0.218
0x709562ae3bed11911516f08e434ec5d2677d1314,2024-01-12 12:58:11,0,1,0.0,1.2433534
0x70e0ffe627e7ee9c79d832d8ac97e7717f82e8ca,2024-01-12 01:59:59,0,1,0.0,0.09900504
0x70f6beb6343ba1e9940bccf6dfb6eedc071dba63,2024-01-12 02:12:23,0,1,0.0,0.028
0x7185021fc32323fcff9f70092157c5260f3403b1,2024-01-12 06:12:35,0,1,0.0,0.1060918
0x71ec445294ffc245bbb9139644eaf3ecaf8a4e7c,2024-01-12 07:03:23,1,0,4.113902514952,0.0
0x720e25eb6566d38b8a57e059fa8fd7292cbb5d36,2024-01-12 18:00:23,0,2,0.0,0.0460499
0x724b1f593df5fe585e55e5898833a5cc200ea9be,2024-01-12 13:59:47,0,2,0.0,2.0060876
0x724cd7f6a5fb76e672d06e0ffd612695c640f1a0,2024-01-12 01:57:59,0,1,0.0,0.0362617
0x725db39f95f32ac03a5f57b8f85e0d8153645aee,2024-01-12 14:34:35,0,2,0.0,2.4043892
0x72a47ddc16ecb6f08a34a13d7c2f7c5e3ddec5c9,2024-01-12 06:42:35,0,1,0.0,0.098
0x72c8a2544ef59a78b98ccab8c6357d2cac428579,2024-01-12 02:23:59,0,1,0.0,2.198
0x72fdd78a46b0f641d6167c4b5f0ad3d2f6a72897,2024-01-12 02:56:23,0,1,0.0,0.1249729
0x7315bcd81069d4462d865d5e8aec76e1607d5bb0,2024-01-12 22:39:59,0,1,0.0,0.0192557
0x736d0e0a84fd454084284ca6c98012f9281e8866,2024-01-12 11:56:23,0,1,0.0,0.0224
0x736e1c372731c7ee256fae27d6338b7eb1f9b7a0,2024-01-12 13:45:11,0,1,0.0,0.5004944
0x7383229469a7151e29a0a4fdf35ebb65f759bb69,2024-01-12 15:48:11,1,0,2.906028782848,0.0
0x747591b0996e3a46cf8c5f80cd586f357c5793b9,2024-01-12 17:03:23,0,1,0.0,0.01
0x749b8f33e26243ed8158f2f80ddad4a439fe156a,2024-01-12 13:41:47,0,1,0.0,0.0078
0x74d5c5109cbf9014dfbb205062860c165be2f22a,2024-01-12 13:11:47,0,1,0.0,0.43135402
0x74d5e2481c830a2859f91dbc6e2d8bed4fb22777,2024-01-12 10:36:59,0,1,0.0,5.338
0x75592d6ed5534f206c84faa62ee4a2c6d0876860,2024-01-12 02:50:47,0,1,0.0,0.1125853
0x75612b56b5c1fbeb2c840dd9e246959c027979c2,2024-01-12 22:08:47,0,1,0.0,0.04904404
0x75962e409c85ce4bc9f3bdb887c59d2fcc003cde,2024-01-12 12:40:47,0,1,0.0,7.84886
0x75af3f0a690691331acca51da28b1000a088b020,2024-01-12 03:26:23,0,1,0.0,0.0374
0x75ff5aa1b8103224a800c277ef8c829f5a9c656c,2024-01-12 03:16:35,0,1,0.0,0.6841132
0x7668d77d02aae9708fc7ae7ffbbe990a0ec88048,2024-01-12 18:19:23,0,1,0.0,0.0498
0x76837dd8faa0f8ec3a64e4d90731da14e3d75404,2024-01-12 15:16:23,0,1,0.0,0.4410561
0x76eb4020e0fc055971c438c48543fa07eac0533b,2024-01-12 08:00:47,0,1,0.0,0.0210811
0x770e9a92b1efd828f500260aeee52fa91d3817da,2024-01-12 20:30:23,1,0,1.095499931133,0.0
0x7759f9a5d0ffccf4bf17709d3b65f8fc03f9573f,2024-01-12 12:09:35,0,1,0.0,0.0224
0x778bfb4f4553ff2c6c12a5660165636485d156c4,2024-01-12 02:23:23,0,1,0.0,0.018
0x77b21ba38701ae948b82929ee25ce673e65ea461,2024-01-12 23:44:23,0,1,0.0,0.00808686
0x786c355cf9bf287db1d1194b4d38b5b419115378,2024-01-12 06:23:47,0,1,0.0,0.258
0x78836afa9a38cae933a2946d5609bbe03aa8e4fb,2024-01-12 15:33:47,0,1,0.0,0.1219759
0x78949e1e271f93756759ad4ce46546d931a781a8,2024-01-12 10:24:23,0,1,0.0,1.14482799
0x78aa7dea9eeba756376ef3484c262cf33f1f3853,2024-01-12 17:55:23,0,1,0.0,0.0490489
0x78ab1a4519782985df129bef5e7c3fc37a70d184,2024-01-12 02:40:59,0,1,0.0,0.26345405
0x7904e87b97c97d98298be0699d6b1dd10fdc8ff8,2024-01-12 05:51:59,0,1,0.0,0.009234
0x7985fa1a9095f6a879e55b75d42ae54d7f9daff8,2024-01-12 20:18:23,0,1,0.0,0.0352017
0x79b33728b1f6927145e481d76b0428424b1190be,2024-01-12 11:18:47,0,1,0.0,0.0224
0x79b7d3dff38830a64a200f73a0f4c44ad28ef632,2024-01-12 23:53:47,0,1,0.0,0.01012187
0x79ca4d0905c4a2c953acad3e16ef6912ca553d38,2024-01-12 02:18:35,0,1,0.0,0.15287543
0x79e3ef07f190db3e3a6c83fccc0fe7a4d937ea89,2024-01-12 20:06:23,1,0,0.989541523698,0.0
0x79eab4676ecf1c4bcbbcb805ea273ca3fe4ec431,2024-01-12 02:45:23,1,0,4.989725991931,0.0
0x79f08df7eb963f1ae31e53e0a0c35690cb6818ce,2024-01-12 15:02:23,0,1,0.0,0.0773206
0x7a659de91ca6c930f9e8e55634ef535e09674544,2024-01-12 15:04:11,0,1,0.0,0.01
0x7a6a71c3ecaf2c34565931d4c0eb89fb620d1679,2024-01-12 20:05:23,0,1,0.0,0.498297
0x7a7ecf06297d71d269ed0baebf1d1a4ed490d1be,2024-01-12 22:30:23,1,0,2.3829371538690003,0.0
0x7ac386ca8e994431349c4038fc1441020e3a3406,2024-01-12 16:10:59,0,1,0.0,0.218
0x7ad09b6b2c3c546dd23288bc891af84f2a98769a,2024-01-12 08:45:35,0,1,0.0,0.0764215
0x7ad3de5c123d104717a251c74c1829642173039f,2024-01-12 10:44:47,0,1,0.0,0.0362617
0x7adc9fa02cf607be985c7f3588929c942e36f768,2024-01-12 13:32:23,0,1,0.0,0.0497482
0x7b2b2fb2e0290a03a3d7e182577b6cc9fd833e47,2024-01-12 03:29:59,0,1,0.0,0.088
0x7b37b9cfc53bf786071b653ca3f0fdcecc4353b6,2024-01-12 13:25:11,0,1,0.0,0.009
0x7b400115fbf422ee444340da0a90e08a9c502ac4,2024-01-12 19:55:35,0,1,0.0,0.0725254
0x7b94b12d28538d322e334e1b91123552ecab512d,2024-01-12 17:47:11,0,1,0.0,0.04114205
0x7bb4afa720301576e955977d4ccefaae39b1f65a,2024-01-12 07:34:47,0,1,0.0,2.11071935
0x7bce7595608c2e9cc43b00fef7159cc86dd0eb20,2024-01-12 23:13:35,0,1,0.0,0.028
0x7bd70fe5a359fdb359e96affc8231b60431fe7b1,2024-01-12 07:12:35,0,1,0.0,0.15
0x7bde28a55c5a2a6117fd07da6e655507f7cd071d,2024-01-12 04:45:23,1,0,1.066839020618,0.0
0x7bfcfa781c8106aa55591a20f16b2dcf5725b73a,2024-01-12 16:13:47,0,1,0.0,0.0394
0x7c8038c5f165d6c3e9b6e2cfc1242c78341fdd45,2024-01-12 10:36:11,0,1,0.0,0.01058808
0x7c830a6b347dc2fedbb94edfe37143a79a134a4d,2024-01-12 21:56:23,0,1,0.0,0.0167812
0x7ca4b03e1863c6f314e5ec2fdf3ea9637d6a3269,2024-01-12 16:56:59,0,1,0.0,0.0081898
0x7cc4ed77c0dca84bdb52450fcc5bf26fd67e6a66,2024-01-12 14:31:35,0,1,0.0,0.0094885
0x7cd1f3df0846a3284da55a2d18c4b374897e514d,2024-01-12 12:00:23,0,1,0.0,0.0224
0x7d9fb194a74b2f410a64491debfb69e908d7337a,2024-01-12 08:16:11,0,1,0.0,1.36661835
0x7daabe19f1c2ef670617004df829e344bd9f707e,2024-01-12 10:34:11,0,1,0.0,5.068
0x7df54db3c7e1a62cd59f5927850961cc2a3f0a12,2024-01-12 10:42:11,1,0,1.2076171672099998,0.0
0x7dfb9c9de36e03ea62eb2541f6e961f61008c993,2024-01-12 15:09:47,0,1,0.0,0.26467193
0x7e002b6dba3943065c94addd58601f5ee4f78f22,2024-01-12 11:54:47,0,1,0.0,0.0078
0x7e4c51597dba086fd1a07751db43836a3acd20bf,2024-01-12 16:52:23,0,1,0.0,0.1962
0x7e8eeb5be32c7e65f08dd5f48b971775c2b8361a,2024-01-12 12:41:35,0,1,0.0,0.4260715
0x7e8f52ea3efd0e5e4f16803ba17d86b8134b3ce6,2024-01-12 11:12:35,0,1,0.0,0.0224
0x7eee656dc3cb52eaabcfca12f304d2e53c36e492,2024-01-12 15:09:47,0,1,0.0,0.13722729
0x7f05c7f150aa7f895a1835de54623a3954e4ef6c,2024-01-12 12:51:59,0,1,0.0,0.0078
0x7f2866cf61c57bd915b357d49e42467741691457,2024-01-12 12:34:47,0,1,0.0,0.188809
0x7f3620f8c706805f74b3a9cfe5c1a1dd15ba070b,2024-01-12 19:27:23,0,1,0.0,0.0165814
0x806e425e300d070721c45229b3abaf5bc284199b,2024-01-12 21:24:23,0,1,0.0,0.8794177
0x80903f3da19c45a2adbb677f741fdc464fa9b10b,2024-01-12 03:23:35,0,1,0.0,0.1652326
0x80be72f03141e396b32f591d9ac8178aa48eeead,2024-01-12 14:35:23,0,1,0.0,1.68402532
0x80dc8b5b60f63a2162de99ecbde099685b50c424,2024-01-12 11:39:11,0,1,0.0,0.0224
0x80e27d8d142af01178ce5d911ad605a9da4d2def,2024-01-12 11:51:23,1,0,7.024791283004,0.0
0x81076371d16f6f81e727a12afbd5dff062a141c8,2024-01-12 11:04:47,0,1,0.0,0.24902899
0x81c9c75643387230930e751dac92eda261f6b198,2024-01-12 09:56:11,0,1,0.0,0.0806
0x834fecad551e07087e1d75d332988262fafec76d,2024-01-12 15:33:23,0,1,0.0,0.4156819
0x83871767ad677d643753f7d62cb2187a981a95f7,2024-01-12 12:16:23,0,1,0.0,4.457454
0x83a324687ebea3ddcd44f06d21a8217d6e5f8e09,2024-01-12 11:14:59,0,1,0.0,0.0224
0x83b81122a3f3589389f285bc14f1eb32a3d7ce8f,2024-01-12 20:03:47,0,2,0.0,3.79084264
0x84d42b639ec0a4b88ea9733c910bdc6ed9a19d00,2024-01-12 11:54:11,1,0,6.68896283762,0.0
0x84efd7aa14ec4284089f37a3fd764538e09f5fd4,2024-01-12 18:28:11,0,1,0.0,2.99501279
0x85009aba8a4fbfae10fa74f6849faea508618c51,2024-01-12 13:30:23,0,1,0.0,4.4607
0x855932df9b236cbb4dfb5c452e07b73507c89095,2024-01-12 15:58:11,0,1,0.0,0.0780199
0x8566d90ff4bca83d75d25210cbbd02886422e39c,2024-01-12 08:11:23,0,1,0.0,0.0683296
0x8593d26c2a2f82cdb980a849e05708a3b71b16eb,2024-01-12 12:18:47,0,1,0.0,0.0108777
0x85acb7fdecce1a6aa8d42a84c4a7f1d8554b7c54,2024-01-12 16:58:23,0,1,0.0,0.32666476
0x8666b1dbc55d505f9e308bcfae5d34b361951ed6,2024-01-12 12:24:23,1,0,6.986053199698,0.0
0x866748ed3ce1bd56cddc0904d701fc5e95716955,2024-01-12 20:12:23,1,0,4.986485533391,0.0
0x8679bcf9cb019d1b05b89dca59d657b25d032c0f,2024-01-12 08:04:47,0,1,0.0,0.098
0x86833ca57264341af4be5566a9ca512b7dc09e1d,2024-01-12 10:17:47,0,1,0.0,0.03796
0x86b3c5a4d7fff168a71be9900474e606fa0f7fed,2024-01-12 16:22:47,0,1,0.0,0.0143836
0x86bb9d9fc44ecb48c9fd33a835c67b7ab0af5632,2024-01-12 14:51:47,0,1,0.0,0.118
0x87212c8fc4a118c52e3978d2516acf73309f8bb6,2024-01-12 18:32:11,0,1,0.0,0.0281698
0x878f4d285b1c4eec82e1584963a6c02e02dd841c,2024-01-12 12:33:23,0,1,0.0,7.88832
0x885d73dbd0de92ed5925414ab2bdbd0e1600292d,2024-01-12 21:56:23,0,1,0.0,0.3413563
0x885f5f5c3a2895d1881a7b3763856402cd0dd888,2024-01-12 17:03:23,0,1,0.0,0.0564415
0x8882620763414c38f325c5dbf4569245f197d6a9,2024-01-12 15:13:11,0,1,0.0,0.0362617
0x8888716631575acbec6cc0ac8e7450c7c25d0ac2,2024-01-12 22:17:59,0,1,0.0,0.6228745
0x88a172cf9da1d6df23e250e4810900fb35bdd313,2024-01-12 12:33:23,0,1,0.0,6.5144
0x8932c64c1ae3e915b249c4b627ffc5cce0879831,2024-01-12 16:18:47,0,1,0.0,0.2455522
0x893b6da10faa5b154a2257335b88bf170a588ac3,2024-01-12 08:12:47,0,1,0.0,0.00799
0x896a4e191675a2da40bd095ec1d9b7bb2c0b968b,2024-01-12 20:18:23,0,1,0.0,0.5985866
0x89a3a52a8174bf36f5974121d1fa7244d29ce044,2024-01-12 11:18:47,0,1,0.0,0.0224
0x8a01476dcb1409ccd83581a96d56f06fcc1860c1,2024-01-12 04:52:47,0,1,0.0,0.6607366
0x8a1ad677c531c44e835b575b06859cf626a04a29,2024-01-12 14:03:23,1,0,2.297962344133,0.0
0x8b74f154f7e649591c597de4c2f9f78637035726,2024-01-12 17:25:59,0,1,0.0,0.0168
0x8b7c687d9b3e93d3f3718e2a4e5e095eda6c0848,2024-01-12 22:07:47,0,1,0.0,0.0203888
0x8b966f517122e3e624acd89808422431c78db91e,2024-01-12 06:54:35,0,1,0.0,0.0163816
0x8b9eaedd944ca826281dd7ab38e4691a3882ae65,2024-01-12 14:48:23,0,1,0.0,0.06899876
0x8d3c8efa60f2ec01957d7d953217837c818a8219,2024-01-12 18:00:23,0,1,0.0,0.0895084
0x8d50346a3d6042301879eef9618ad48e6275eec8,2024-01-12 02:26:23,0,1,0.0,0.1233745
0x8d61a03c6efbc2fcc47cc13a742f44b07696bd1a,2024-01-12 03:50:59,0,1,0.0,0.0106873
0x8d68abbe1bcaf4461b0a03dcecde78c62dccfa01,2024-01-12 08:21:59,0,1,0.0,0.3889087
0x8da95e8c0680a61a3ca4fbe0d58fabdaa0121c75,2024-01-12 21:27:11,1,0,1.629780814579,0.0
0x8df5df1dd6276d002035a207850f13deee4c1022,2024-01-12 13:52:23,0,1,0.0,0.008
0x8e153f00a1088bed51ffbb6e9bab48cf7b020e85,2024-01-12 22:22:11,0,1,0.0,0.7
0x8e21432d6cd5eaa0d0ddd5695c4a96750fa6e2ba,2024-01-12 15:39:47,0,1,0.0,0.553
0x8e6b29d3e63914113e4458bc1d862491cffd5b1a,2024-01-12 04:18:23,0,1,0.0,0.043954
0x8e6b94706dbf561c231843eeaa8df4c320ae6ab9,2024-01-12 20:41:35,0,1,0.0,0.0110038
0x8e8bbf61c021a3799ac9bdee2ac6a81aefd0b8b0,2024-01-12 06:51:23,1,0,11.34047286431,0.0
0x8e975b0a3df24de208094bc11b55baa8b3d4ab9e,2024-01-12 18:03:47,0,2,0.0,0.029966
0x8f568b60d4f5ae94e022110b67cf260a8b3c0f17,2024-01-12 05:06:59,0,1,0.0,0.0172807
0x8f57573e893e706b056031efe68c8fccefb4b8b6,2024-01-12 20:59:35,0,1,0.0,0.0081898
0x8fbac879633c762e35e2fecec63b904831742425,2024-01-12 14:47:35,0,1,0.0,0.5088886
0x90a1fb7c997c961a4174aeeb75ec640be3289ae1,2024-01-12 04:09:35,0,1,0.0,0.274217
0x9104bfb416f0dc05aaa7d11d69ee383eec1a769f,2024-01-12 17:00:47,0,1,0.0,0.0692287
0x9106ae3a969a3158ed7c1bfb1a25e7ca31aa049d,2024-01-12 20:16:11,0,1,0.0,1.23185986
0x9111704790b77262cca677cab183df186f01c1b1,2024-01-12 12:14:11,0,1,0.0,0.6543
0x9187d0e9b841ccbedcda002191cc8ac7822a8ef5,2024-01-12 13:53:35,0,1,0.0,0.0412567
0x91d69faea47e578f39fe59ffb6ae8edd5d90d889,2024-01-12 20:48:11,1,0,14.215397371434,0.0
0x91d748c0bb87208d19aa60fe24435c46690fed34,2024-01-12 21:33:59,0,1,0.0,0.04254308
0x924c8ce549a2adc75e28c0e2f30359e978ce7974,2024-01-12 19:22:59,0,1,0.0,0.0715264
0x92734fdc281c9459cbabb7ae934d0ecfdb890077,2024-01-12 11:09:35,0,1,0.0,4.998
0x928fd7f7d6aa50ae4903480e7e3e4aef0d8d74a4,2024-01-12 11:54:11,1,0,7.458017738688,0.0
0x929f39dcbd3b69fbdf5e601abe5ff28cba286d8e,2024-01-12 09:44:47,0,1,0.0,0.1985992
0x931b898bd63a45ec6f4ccda02ecaeab063276069,2024-01-12 14:06:35,0,1,0.0,0.0121978
0x939e09ef432842cebb92eadf3f2f1bf9e9c76d19,2024-01-12 04:48:59,0,1,0.0,0.75316055
0x93ae8842579f0f073a1700327e3214c1b4452df9,2024-01-12 02:02:23,0,1,0.0,0.94852875
0x93b9260973b1998a9879db5b2b26c0d99dec1931,2024-01-12 14:06:35,0,1,0.0,0.07598932
0x93f8f3f9f91cc51048c3242211a518633461548c,2024-01-12 03:46:11,1,0,4.09464095e-06,0.0
0x93f8ff2b6178b588c100d29b2addbc2bd0fb548c,2024-01-12 03:44:59,0,1,0.0,4.09464095
0x9407872ac461ea1ab763a7ad15bae417d153897e,2024-01-12 20:59:35,0,1,0.0,0.5258716
0x940797675db9a3218eee289543b4e6a165558f09,2024-01-12 02:36:35,0,1,0.0,0.01333887
0x941701b663a57a665971056b31a0a09337ceaeb2,2024-01-12 11:14:11,0,1,0.0,0.0224
0x9473046ccc8e2974d88dcb592c71730274523329,2024-01-12 14:51:47,0,1,0.0,4.4448
0x948aed0548127439d365a1aea65f814f0e81139e,2024-01-12 20:16:11,0,1,0.0,0.0080899
0x94b6599945da0e801fc00fbb4e4d61f0e145b8eb,2024-01-12 15:33:23,0,1,0.0,0.0085894
0x94d3414caff6449ea15f19a1f6b87ef2770bd018,2024-01-12 17:47:11,0,1,0.0,0.01
0x94d508d50228cb730d756da0017bc971a0b58598,2024-01-12 10:24:47,0,1,0.0,0.215
0x94f93d449e01b07781d9561a8d0a82a6eec75b85,2024-01-12 07:56:47,0,1,0.0,0.1359619
0x951f3f3d14c71d6431ba97eeea8c7bc50806c028,2024-01-12 20:48:35,0,1,0.0,1.5985
0x9579c7963719149c9e0ab57cc6d38a14b5acd0d9,2024-01-12 11:06:23,1,0,5.336155762329,0.0
0x95aa421affd5715d6358abfac5a6b59ab5634e76,2024-01-12 03:33:47,0,1,0.0,0.02243173
0x960bbbff5a99317cf2c1370426eafd3c54cf0be1,2024-01-12 05:40:59,0,1,0.0,0.01172783
0x968063503b3f886d13b0ce84e5af84734b997fd9,2024-01-12 19:28:47,0,1,0.0,0.016981
0x96e954f7aa0d83f59df42757538536efb148ea17,2024-01-12 12:02:47,0,1,0.0,0.0224
0x96f33a1055ee1cdd2c1deb1d50345d1e6bf2a5bf,2024-01-12 10:24:11,1,0,1.097124641715,0.0
0x97310d40af5adeea64ad6c170d4df6454a6e47dd,2024-01-12 19:02:59,0,1,0.0,0.0354625
0x974cee4dbbbdb8ddb6b145478b10e6ec72bcda56,2024-01-12 20:36:59,0,1,0.0,0.0108848
0x9781108038e2d98346ccf3d583e40af9a81e7de5,2024-01-12 11:47:11,0,1,0.0,0.0224
0x979eca82046194e81e37299abdd856f8a636e24e,2024-01-12 06:06:47,0,1,0.0,0.0774907
0x97a45c340fad7001a6bb2136500ff08e7b524280,2024-01-12 05:48:23,0,1,0.0,3.99785
0x97bf34dc9693c7e6df00cbc532475a557c18184b,2024-01-12 12:14:11,0,1,0.0,0.0078
0x980b8ab0e7d264b3281d90956b1e72227acd9b6b,2024-01-12 06:52:59,0,1,0.0,0.4130845
0x981405b89eafdeb3b1f22cc868e2f63c723b7988,2024-01-12 02:22:23,0,1,0.0,0.0112867
0x98a751b934e400a3b7148b18476a5351a7fdff65,2024-01-12 22:44:11,0,1,0.0,0.065
0x98ebf7ced44737be95f414127d2a81064e8e59a6,2024-01-12 20:36:23,2,0,21.662347264508,0.0
0x993c0bf1c245b0c83fff7fb47df2ef3f70e120e4,2024-01-12 21:48:47,0,1,0.0,0.7029943
0x994afa718416b399597771ecb5fd87c67e738b36,2024-01-12 11:20:47,0,1,0.0,0.0369055
0x99675eac14f987b61415aac11c2102fb0c1dbb9a,2024-01-12 11:12:11,0,1,0.0,0.0224
0x997aa3a651b90878eccefcb6f4d85af0237428da,2024-01-12 20:36:59,0,1,0.0,0.8504467
0x999bbba69d99cd76a22b0891ee286731f26cc91b,2024-01-12 18:50:23,0,1,0.0,0.0092887
0x9a4e7e33abe598df5cb7c5ca782ba28710a2770f,2024-01-12 14:07:47,0,1,0.0,0.32647595
0x9a7a37ef39358a9f9526503af515e7e20e87a30d,2024-01-12 19:27:23,0,1,0.0,2.3958997
0x9af837f88694432a2c2044aca39755e5a1238325,2024-01-12 19:09:47,0,1,0.0,0.008
0x9b41f26ecc11029babc0606e4003257beba8a5a7,2024-01-12 05:00:23,1,0,49.989985532354005,0.0
0x9b702fadc3d56e855b912dc4df99b1b17b12b75a,2024-01-12 14:51:47,0,1,0.0,4.42
0x9b71a72ed2e1360f94e86bd66c4963cf0c2a2a1d,2024-01-12 11:16:47,0,1,0.0,0.0224
0x9b8581114fe5a51f397021ceda504f2fffade968,2024-01-12 14:14:11,0,1,0.0,0.0093886
0x9bb1723e26817f0011c0352c47ed9bed2deecd07,2024-01-12 13:04:59,0,1,0.0,7.48287
0x9be573f8d9402a170ef33fabd8151b7c3556b216,2024-01-12 17:08:11,0,1,0.0,0.0187
0x9c15b295fd97c4386d8d718e32657ff00460c7fe,2024-01-12 03:26:23,0,1,0.0,0.8835136
0x9c33b79d35c4f7ef3a6ca5944b5cafc5d13be99e,2024-01-12 17:26:59,0,1,0.0,0.0545434
0x9c6ce9b8836716aacacb29b3f5ee0c9c6acb2090,2024-01-12 19:22:59,0,1,0.0,0.0394585
0x9c97f5bf7e3065bd7e7eb9c1d44736f3485694ac,2024-01-12 04:28:47,0,1,0.0,0.018979
0x9cabeb2a2eea6ecde58372a5224be685ad53198d,2024-01-12 20:36:59,0,1,0.0,0.2198779
0x9ce27a4fdb5bb107be3f901d8dadb5482fba6ee5,2024-01-12 12:47:11,0,1,0.0,0.198
0x9cf6637a0e74ca6c6999301a7883618c2206aec1,2024-01-12 14:22:59,0,1,0.0,0.10794056
0x9d3025547707017b4d2e10b8027885eee3d3a8a8,2024-01-12 19:18:23,0,1,0.0,0.1846
0x9d3ea62ead6461e197be78e832fe683bc041f9b0,2024-01-12 05:05:59,0,1,0.0,0.01
0x9d6061f52b2a1032dc396066350c57b8ba4da430,2024-01-12 03:22:47,0,1,0.0,0.0090889
0x9daa2019098d8af1390e9c37e05920d0594a4dd3,2024-01-12 15:36:23,1,0,1.45699115537,0.0
0x9e3ff9c047d96069ccd31c7ea15a1bec51c2ddbd,2024-01-12 07:38:23,0,2,0.0,0.0343798899999999
0x9e564868c5904d8895963e6a83e97c1ac6f671d0,2024-01-12 13:29:35,0,1,0.0,4.41
0x9e9ed36b24f3a5356869cb10d88728fa542afd02,2024-01-12 22:12:11,0,1,0.0,0.136069
0x9eb193e733d7c71c1b873333d5e5e0d846c00df8,2024-01-12 18:59:23,0,1,0.0,0.557
0x9ed90789c935cf5d737dd1fa39f2182c053691a5,2024-01-12 18:34:11,0,1,0.0,0.0924055
0x9eda2747ad619eceec9f201d9371fed78899b308,2024-01-12 06:07:23,0,1,0.0,0.021
0x9ef966536d57c7281136ebfd7692a60f6055d724,2024-01-12 23:13:35,0,1,0.0,0.552445
0x9efcc17e17199357f118bfc6c901e7df85f03b06,2024-01-12 20:36:59,0,1,0.0,0.998
0x9f049e1054bb12148398ab72a55a5964f4aef0a8,2024-01-12 05:05:47,0,1,0.0,0.01
0x9f0c3ff731b1cc1aa9c979408de4486538fcc50a,2024-01-12 20:28:35,0,1,0.0,0.6280693
0x9f580f647ba84d7c8b9b75430cf51570ac193ac3,2024-01-12 15:13:11,0,1,0.0,0.059984
0x9f5f57bb38a95259f81d9e3fd97bda97703d5fbc,2024-01-12 18:59:23,0,1,0.0,0.0834145
0x9f6aa3043d46c72b4068d964503107a57496d533,2024-01-12 17:48:11,1,0,1.836910461207,0.0
0x9ffa607c8919742e6bd2c3b4444ab90dcebbff2d,2024-01-12 17:19:11,0,1,0.0,0.043
0xa0127427dd7e2737aa43b071636619dd6687cdc1,2024-01-12 18:07:11,0,1,0.0,0.0102877
0xa0202e30547090ebbc5a4d1064d0a111c09b0776,2024-01-12 02:33:47,0,1,0.0,0.0248731
0xa02eb92f8fb56a91de55a00019d4f3473348b667,2024-01-12 07:04:35,0,1,0.0,0.0120859
0xa031204a75f604418a2871bb63794ae8c0ba7622,2024-01-12 17:42:23,0,1,0.0,0.0193786
0xa03f75e516dd75a7bf2e16556f587016e7444316,2024-01-12 14:16:47,0,1,0.0,0.0573406
0xa05ad625c08576482910ff057190fdac2a4d931e,2024-01-12 17:42:23,0,1,0.0,4.698
0xa06e44be990d50e9f90399b344bde0c0b856aac9,2024-01-12 09:00:23,0,1,0.0,1.7307655
0xa0752b3a634b22db228f6e032051c529ec0cc512,2024-01-12 03:28:23,0,1,0.0,0.0484495
0xa088b484ffe9b6da515b6ac3a9ab5c9330520b99,2024-01-12 17:55:23,0,2,0.0,2.1692246
0xa0b86991c6218b36c1d19d4a2e9eb0ce3606eb48,2024-01-12 02:38:47,0,128,0.0,0.0
0xa110c725db45f1b3aeffee2975e9b931adac2025,2024-01-12 19:08:11,0,1,0.0,0.0166
0xa115844772f8e0d201868a653f2fb4bffe86028a,2024-01-12 22:48:11,0,1,0.0,0.348
0xa13ed0d4c1e687ee9dd0bccda8c8fdf95595f230,2024-01-12 12:16:35,0,2,0.0,1.903091
0xa1be6a00456ff850edb25c3926c776829ca53e9d,2024-01-12 18:47:35,0,1,0.0,0.1854124
0xa1f9011c24ebca6de7d20e9ef40eedaa76adc30b,2024-01-12 15:18:11,0,1,0.0,0.0134845
0xa23485880492bd69b592fd525121955fe53ceed2,2024-01-12 12:34:47,0,1,0.0,6.8183
0xa2910e465a2a5bdea25db227af7e9181f1dea091,2024-01-12 13:08:35,0,2,0.0,0.03390842
0xa31110598d951a7f6d3b4a4a66bbaacfd6f568cc,2024-01-12 21:24:23,0,1,0.0,0.0078
0xa3653a254ac4af4623ff2a4f7521289494a0c953,2024-01-12 14:57:23,0,1,0.0,0.060105
0xa38494043f6052bced3c8b9a3a062f32e5676b2b,2024-01-12 14:30:23,0,1,0.0,0.0191788
0xa3b5849b02386d77a1cd115920622a7bf98d6dfc,2024-01-12 12:35:11,0,1,0.0,6.61832
0xa3bd62d5ffb5b2506c8470794a8f7fd4c79c1ac1,2024-01-12 16:08:11,0,1,0.0,0.0078901
0xa47c7b6b173afb1ec3b390f39153dddb0641a922,2024-01-12 12:33:23,0,1,0.0,7.41932
0xa4b7f161b5ae05cc2c0a65de0a0b7d4934dac2a9,2024-01-12 14:35:11,0,2,0.0,0.4750769
0xa4e156c0499a0b9cb807d2ae636a11840fd74079,2024-01-12 21:57:23,1,0,2.587240631349,0.0
0xa5695e5dbe7073243c1f90eb4e3aa27717ba782b,2024-01-12 06:51:59,0,1,0.0,4.398
0xa587d7e40fe8c9c4a2b76821b781db92dd327b41,2024-01-12 03:43:59,0,1,0.0,0.07792
0xa5a443578568360e8b9398e396472f7f2d57e2cb,2024-01-12 10:17:11,0,1,0.0,0.008
0xa5b0ed3939f80820b2a120a11c03798b99637d65,2024-01-12 10:20:35,0,1,0.0,0.2003726
0xa5bd481b9c0e0d6811dc791683897c3c841c1a53,2024-01-12 22:12:11,0,1,0.0,0.04345
0xa5fb68b740a55a12d57c344d1c923002c6b7d089,2024-01-12 04:57:23,1,0,54.868911610883,0.0
0xa6b4d0811b5136dffe72a49fb5d41dc0f6b02e80,2024-01-12 21:56:23,0,1,0.0,0.0112065
0xa6b5fe537b2220d72a4e664b240ae17ca548f719,2024-01-12 16:54:23,0,1,0.0,0.0120859
0xa6d78ef291156ff6c6d3e7cd175d52389c05cc00,2024-01-12 01:59:11,0,1,0.0,0.09783297
0xa71868b75bd6d263c43f0f401fd05a6b5ef3baec,2024-01-12 03:37:35,0,1,0.0,1.71853933
0xa72886631592dadf9201c47aeb597af74164beea,2024-01-12 21:29:59,0,1,0.0,0.0154
0xa7926c0c6ebe454a10429749ac991ec66570a150,2024-01-12 05:27:23,0,1,0.0,1.745
0xa7ffdd3b43b84a9c85523ae8f82e977cff22ce00,2024-01-12 12:33:23,1,0,7.71035048205,0.0
0xa82e72d84d084b2e23eb91fc4223188d49825da8,2024-01-12 02:41:47,0,1,0.0,0.574423
0xa8a95ce1bc3d4e8f7761986430d2f33e2ab777a0,2024-01-12 10:27:11,1,0,5.633256425432,0.0
0xa95d13891ced99d5142d0615aac37762e3a07448,2024-01-12 18:29:11,0,1,0.0,2.0035
0xa99d654c3b5cc855594b7a39065499c49373e5af,2024-01-12 14:01:47,0,1,0.0,0.1542436
0xa9c1735ee429ac9b10bab81749e990d6da5469af,2024-01-12 21:17:23,0,1,0.0,0.02058918
0xa9d734cfa5733eacab85ad3e0dc41526a5c6aef6,2024-01-12 05:32:23,0,1,0.0,6.167484
0xa9d737404fb615645adf8a0facdd901a1888aef6,2024-01-12 05:33:35,1,0,6.167483999999e-06,0.0
0xaa1b7f701ea02fea062dcd2d5ec8f06e1d16a157,2024-01-12 22:18:11,1,0,3.485096019711,0.0
0xaa2cc81c906c24400ab0334b58437f6652bb77e3,2024-01-12 19:27:59,0,1,0.0,0.298
0xaa9f50734dcd911c0e2c24e73b0b782d5c399708,2024-01-12 02:02:23,0,1,0.0,0.5877168
0xaacec929a4260f0f949991f2efd4b9a0282626b2,2024-01-12 14:49:47,0,1,0.0,0.008
0xab335b512feb0ae738ead0d046b3b26775478b51,2024-01-12 18:06:23,1,0,1.6089091566529998,0.0
0xab728b19110584f5e78e981f2a49bffae25bd88d,2024-01-12 11:01:59,0,1,0.0,0.2562311
0xabb8ebc1bb1571c8c510c7c00bb64654e434df25,2024-01-12 13:42:11,0,1,0.0,0.00957779
0xac1a8e0a58a5f47f8729b35e01f88baecef76198,2024-01-12 11:44:47,0,1,0.0,0.0082897
0xac60949789158cc8f1c9c465c3da3755be259cfa,2024-01-12 15:00:47,0,1,0.0,0.0097882
0xad415670e25ab64317168268a1c17517fb22e8fe,2024-01-12 22:28:11,0,1,0.0,0.0091958
0xad63aec1046d9b304dbac1b8a0be9abd0a743822,2024-01-12 10:23:11,0,1,0.0,0.05032749
0xad8ec56cac1675c5e8941150c1d6f68f22877729,2024-01-12 14:19:11,0,1,0.0,0.0078
0xadb7ef38ead3e0d7a503bee6a350e1302f971f35,2024-01-12 14:38:11,0,1,0.0,0.11788
0xaedd97d33227776d9e156615a9d758980edfd583,2024-01-12 08:15:23,1,0,1.367874969392,0.0
0xaf0e1e264dad779c485748ae6997a985c252f82a,2024-01-12 07:16:23,0,1,0.0,0.2044933
0xaf1af7ef82da264ef81268c1153dd323f3193336,2024-01-12 12:43:47,0,1,0.0,0.01992375
0xaf2db6f2c59b6f7573ec3e99b2713db2d6dece14,2024-01-12 07:01:11,0,1,0.0,0.7719253
0xaf5311613e254f191b00ba2176bcfb536bd278f8,2024-01-12 15:27:11,0,1,0.0,0.018
0xaf82f8c8330f88a495dbe6be3e241b6e17e0c76f,2024-01-12 22:39:59,0,1,0.0,0.1215763
0xb01cc431b3bae8f78a9254431bc2bf6c4633e163,2024-01-12 11:22:11,0,1,0.0,0.008
0xb056b75e8f15142c2513d62462871ad578c94459,2024-01-12 16:31:11,0,1,0.0,0.0094885
0xb066802369a15c87bc49606bfb6918d7899d734b,2024-01-12 23:31:59,0,1,0.0,0.0119
0xb06b6fda4d6f4fd1455356a115c33b9d27ec077f,2024-01-12 11:45:47,0,1,0.0,0.0224
0xb08d1619c7e23f59293fb1c8aadac259f1f5fed5,2024-01-12 21:37:47,0,1,0.0,2.84684791
0xb1e149dc07227af8db54e504837725e638cdd07c,2024-01-12 08:12:35,0,1,0.0,0.03651198
0xb24ab35a544fc7e389c359719d1b337988f1f139,2024-01-12 04:50:47,0,1,0.0,0.011986
0xb2c24629e52ba0e737a723eca4245459396b37e5,2024-01-12 18:44:11,0,1,0.0,0.0374605
0xb38ee09eb6b1b4ec8b72732bd5f5546468614d9b,2024-01-12 09:13:35,0,1,0.0,0.00835566
0xb3952be04022bab9c13a720eb52179eef7b1a09e,2024-01-12 20:48:47,0,1,0.0,0.2113
0xb3cf042d5af036ab1a42c13425ea5d2e76245961,2024-01-12 13:00:47,0,1,0.0,0.060853
0xb4642f025459cc360a4244d6108628bf778994aa,2024-01-12 08:30:23,0,1,0.0,0.1219429
0xb47b3c7d0482e2299b40cd8caaa2d6caac0e0d7f,2024-01-12 19:07:23,0,1,0.0,0.0083
0xb4e9d8403abd473f7b2322387be0492a635487c0,2024-01-12 02:58:35,0,1,0.0,0.0373606
0xb5383bc0d0d28c727f573b0c895b04419a60cef8,2024-01-12 04:18:23,0,1,0.0,0.0101878
0xb5beaa46a022e84ed944e44124b59ba5be2090a5,2024-01-12 10:27:11,0,1,0.0,0.01269034
0xb5d0236178a6c0ae788fbc39654203afbcc3ad85,2024-01-12 17:15:47,0,1,0.0,0.0363616
0xb62dd3fed834f95a91ae604ef626e4b430e6c9cb,2024-01-12 15:33:47,0,1,0.0,1.098
0xb649189cdd8e6340634ebbcb2a7f12396ab8e634,2024-01-12 06:20:35,0,1,0.0,0.00947624
0xb6647f0afaeefa98bddd9dc4fc68b61ad5ea583e,2024-01-12 19:16:35,0,1,0.0,0.0725254
0xb6b2e448b6cd7eaa8103388a5da3993472b98d86,2024-01-12 09:18:23,1,0,0.998912998101,0.0
0xb6c2771b062b4d6fddb34ca2282a34167756d2e0,2024-01-12 12:12:23,1,0,7.971167234704,0.0
0xb6d1105ea5ae634f2bfbcf900dc484067d90c5f1,2024-01-12 11:40:23,0,1,0.0,0.0224
0xb71c15009c102bec3e344bdcb2b6067ff0084061,2024-01-12 23:09:23,1,0,1.184570268096,0.0
0xb794ab675af1f426ad75856c3a94e37dbbeb69fd,2024-01-12 16:10:59,0,1,0.0,0.1673
0xb7a584d94dd9b2f2edf9866c73095774980171e9,2024-01-12 12:24:23,0,1,0.0,0.0433546
0xb7eb5402cd883caf6bc11d11c89a9dd59aab90f8,2024-01-12 18:41:11,0,1,0.0,0.1493
0xb7f45722da14557ab1442efcf096650441419ca8,2024-01-12 11:15:11,1,0,5.224139940674,0.0
0xb8431a8bba8ce0e6f8071d54132feffbbbc70361,2024-01-12 12:13:47,0,1,0.0,0.0945034
0xb8a1b99d003bc40a2e327381be07deea3d6e3911,2024-01-12 19:30:47,0,1,0.0,0.2736681
0xb8d342b00e26d5e508216d36d94937fc3c535619,2024-01-12 18:51:59,0,1,0.0,0.016981
0xb8fc9dd2576bbde9e2fd1f84b62023ce31529d26,2024-01-12 10:06:23,0,1,0.0,0.0268711
0xb92cb7aa6d0d90c5e7c4d2f7a993b6e0cad7063d,2024-01-12 17:38:11,0,1,0.0,0.3260716
0xb981f02bae04a13e01e71032f4c4b1314729db06,2024-01-12 08:14:11,1,0,4.408e-06,0.0
0xb981f59656b0a03bd9fb31d9ab168512181bdb06,2024-01-12 08:12:23,0,1,0.0,4.408
0xba51d6391f0f608967e8601ab7b916d17417635c,2024-01-12 20:36:59,0,1,0.0,0.5877
0xba7ad509db025c475fa2ee43877d92eb6a4cf9e4,2024-01-12 04:28:23,0,1,0.0,0.04537724
0xbae2b8e0edd0031ee18c31d8f5d2e552df0701e7,2024-01-12 11:40:47,0,1,0.0,0.0362617
0xbaea063331d96caf15addf5b5b4b84d6dbd2805b,2024-01-12 04:29:23,0,1,0.0,0.6672301
0xbafdc8141df44b7f8570e3fc0ca0477bcca0f5ff,2024-01-12 22:48:11,0,1,0.0,0.0095884
0xbb1982fcc106b59392200bf0cc41bf678e93ee3d,2024-01-12 13:09:35,0,1,0.0,0.0078
0xbb3b7ccb19c2a4d1dd3742377c95eaffd08dba9d,2024-01-12 09:42:23,1,0,1.092794070152,0.0
0xbb7ee4a78aebdab393aa0337f01c4431cb7858ca,2024-01-12 12:00:11,1,0,6.984841946558,0.0
0xbb891412391af5c67796a87a795bc25f3983c1c8,2024-01-12 18:11:47,0,1,0.0,0.18875687
0xbb94bb3c0e345b33ca98b4fbc7a1342defdf9b98,2024-01-12 16:04:11,0,1,0.0,0.0951028
0xbbcbc0fe3382473339471b6c93d7d6ab15a4d611,2024-01-12 16:15:47,0,1,0.0,1.0222747
0xbc0471dbb70aecffc99273f1204ee8bdcb9692d6,2024-01-12 17:42:11,0,2,0.0,33.1933
0xbc3739fa3ce8b0f16c31c79be8ab71d661baabae,2024-01-12 15:54:23,1,0,0.990012545664,0.0
0xbc823d731dfb45e376fde711f01bed9a645cb578,2024-01-12 09:35:47,0,1,0.0,0.0217
0xbc8f7d8425b485028254fbc1d23e9e1354269f4e,2024-01-12 14:54:23,0,1,0.0,0.1012966
0xbca73110ed28c72a80a0020ba12650d2c212158f,2024-01-12 16:32:47,0,1,0.0,1.9327633
0xbd6ce08d6f654415017f0fae3e0126659ad3c301,2024-01-12 12:39:23,0,1,0.0,0.10755438
0xbd726f9ccc6d66267cba6a40f8c4c16fad2e5fcd,2024-01-12 10:03:23,1,0,1.227406981891,0.0
0xbd7d1826b3ade1b132352df4e82d90c360d4a05a,2024-01-12 21:24:35,0,1,0.0,0.079918
0xbdaedaae85484f3317ba00dcde9d27a981e620aa,2024-01-12 05:34:23,0,1,0.0,0.0227752
0xbdb6ac23d803640e310615529af6ce009eedbea5,2024-01-12 20:20:35,0,1,0.0,0.60450756
0xbe4cc8e1c261739c1c98977503062394c6fa9e1f,2024-01-12 10:25:11,0,1,0.0,1.218
0xbec97218ddd55e761343b66e1ec847f8ad66a5d5,2024-01-12 16:15:23,1,0,1.387203692327,0.0
0xbee9248c1ac89902c0322e64581dbc8a4584be6b,2024-01-12 09:19:35,0,1,0.0,0.41966987
0xbeed66632d5807f880959426d78e495abd5878fb,2024-01-12 14:33:23,0,1,0.0,0.01152674
0xbf02a1e518cbd538ce11ff0ad829d3dedf5245c9,2024-01-12 23:01:11,0,1,0.0,0.0430549
0xbf6d8e9dd0bcdc869b617eeaf94b68cf9f95cccc,2024-01-12 21:59:35,0,1,0.0,0.02159538
0xbf6f23b923741ee78e4a52c528eb1c34718f5f8e,2024-01-12 12:05:47,0,1,0.0,0.01120506
0xbfbfa79612d6eaff162bd785b529d1beef44baf8,2024-01-12 09:00:23,1,0,1.107497070496,0.0
0xbfca14c936c71c7d5f0f05d44edb14b63bb9925d,2024-01-12 02:36:35,0,1,0.0,0.03
0xbfe3f8f641820b114c0322bf7852cdfe244d12d9,2024-01-12 13:09:35,0,1,0.0,0.062935
0xc044b11ee04629e8faab0da5e7e1a727562195a8,2024-01-12 17:47:11,0,3,0.0,3.79691688
0xc08eada327a308290d18c6a14e0f36a558e3c693,2024-01-12 18:24:47,0,1,0.0,0.098
0xc0f8f78c0423b63921a6729aa9d583596e049b7d,2024-01-12 23:33:11,1,0,0.989007984539,0.0
0xc1f5715a4baf1ac1035211ce6ac2ce23f2f49d96,2024-01-12 11:17:47,0,1,0.0,0.0224
0xc210ba12f174bffd36c1b1a2e5d32381ad06ebd5,2024-01-12 10:04:11,0,2,0.0,0.04159569
0xc22e8b04b2b7720a73240d9387c5b529f874138d,2024-01-12 12:29:11,0,1,0.0,0.0170809
0xc2634e599eac8a2fb1b52ef40a59123cb96c676e,2024-01-12 11:18:47,0,1,0.0,0.078
0xc2d35a3f5dc828f812041ffce992ec6648a1b069,2024-01-12 12:33:23,0,1,0.0,7.80665
0xc2e1600cc6b1cfb4cb9c81ca32c33bd5cd46d06f,2024-01-12 20:48:11,1,0,1.352124703259,0.0
0xc2f0ff0f2928fc53e0e4e7b4cf166bdc563c243b,2024-01-12 09:12:11,0,1,0.0,0.0126853
0xc3628023d18e9965581be852ec9141627e197c6a,2024-01-12 12:09:23,1,0,7.571353135667,0.0
0xc3967541ac096331e26607a01166da8e1ef697fa,2024-01-12 05:10:23,0,1,0.0,0.108
0xc44a92aea9dc912d1a2f74f596d63c9cafbc9f60,2024-01-12 02:35:35,0,1,0.0,0.0078
0xc46f9ad2d15885d9e8987558bfc39daaa1bc30b0,2024-01-12 11:54:11,0,1,0.0,0.0224
0xc4bb95ab50999fd63ecf18df00efbb129c3a109b,2024-01-12 11:51:47,0,1,0.0,0.0224
0xc4bf968fa66e9097049fd2e6933e69643fc8c135,2024-01-12 07:11:23,0,1,0.0,0.10877061
0xc4d0fa7f39da587ec52c60564f2aa19977aa9431,2024-01-12 16:36:11,0,2,0.0,0.069926
0xc509d15eeda1d66457a4734b2ac6530d048dd0ad,2024-01-12 04:35:11,0,1,0.0,0.1316662
0xc53f0fbef5de54a27dd890e6c1ea59b07e0292b4,2024-01-12 11:44:47,0,1,0.0,0.0224
0xc54347be911de02ff5217425bcf083aaa296026e,2024-01-12 06:30:59,0,1,0.0,0.38763057
0xc572940346345c58dac01fc2f3b0546f46ed6fdd,2024-01-12 23:25:23,0,2,0.0,0.07944535
0xc5c226badef96a8d7a20f59ac2b597ecac482de1,2024-01-12 08:10:47,0,1,0.0,0.258
0xc67ac968ecc37d706607f5ab0c3476a1c8343aa9,2024-01-12 05:07:23,0,1,0.0,0.4074
0xc7078048193ab70cac514f46390ce540c24efb01,2024-01-12 11:40:47,0,1,0.0,0.0224
0xc7492ea08e2ab840237e30b9398e852021c62154,2024-01-12 11:31:47,0,1,0.0,0.7461045
0xc7b2b7d29cefb671fb0f1dda52010c0c32891dbb,2024-01-12 15:24:35,0,1,0.0,0.0487492
0xc7d5d9a14f057f77e737aa9b5b0770589aab3f34,2024-01-12 21:33:59,0,1,0.0,1.1196728
0xc7e69b38467a25a36e176b0b5d552b984041bc70,2024-01-12 02:36:35,1,0,1.091958623891,0.0
0xc858c01ba4cf9b98b353539c76bfcea5ad578a8b,2024-01-12 15:13:11,0,1,0.0,0.1974004
0xc88f525bc4ae2e80e5569a3af41e8cf1595f9268,2024-01-12 17:34:35,0,1,0.0,0.6461917
0xc8a3a33c5ad9f291ef40ecbc89f7b725ceeac892,2024-01-12 17:15:47,0,2,0.0,0.0441518
0xc95115c845e08a13a3202961800cd373f0b949cd,2024-01-12 18:55:23,0,1,0.0,0.0601378
0xc989497a1f566f95b4900861ed6bdabc3a854131,2024-01-12 05:05:47,0,1,0.0,0.1509469
0xc9c3049a911fd2b011c0d5bac8199f227e2c9240,2024-01-12 23:51:59,0,1,0.0,0.0950029
0xc9fc4b68077ed5c47255c717e52bc97caf1b0249,2024-01-12 11:12:11,1,0,20.999247279508,0.0
0xca23874c3b3909482d08a7e20f79d9554bce192b,2024-01-12 12:37:47,0,1,0.0,6.8943
0xca27f7ad36f02cab678a2b7683db1a8da8ac35bd,2024-01-12 20:41:35,1,1,0.03339,0.03860546
0xca42eae5ee00a2d3f12628f02667cd1f6304da90,2024-01-12 14:50:11,0,1,0.0,0.1252
0xca68154060701d2a590279d6f7cafbbebbe09762,2024-01-12 11:40:23,0,1,0.0,0.0224
0xcab7343b8e727ab3963f2bb34e65161cc07a50e0,2024-01-12 09:53:11,0,1,0.0,0.03926182
0xcac068eeabae5e2cb5a4ffe4dacb900fe9b5f9a3,2024-01-12 14:26:47,0,1,0.0,0.05553395
0xcacb3f7e83ef0c65a8901ff50f2020bdb32e3f37,2024-01-12 02:24:23,0,1,0.0,0.7703692
0xcacc421b25dc436d1874f0eded88de55a5c47ba0,2024-01-12 14:38:11,0,1,0.0,0.0078
0xcae29a194ed9e4423a3b8183db32ce3552222735,2024-01-12 20:48:35,0,1,0.0,1.670326
0xcaef088312409e59f868c6c047d9f2baa17fde01,2024-01-12 12:15:23,1,0,7.628790793812,0.0
0xcb14b7f2dad2c61da017b3d1801a0a9235867e46,2024-01-12 15:21:47,0,1,0.0,0.3804172
0xcb3b0b5896a2b94ace4b739544e66a73d125532d,2024-01-12 09:13:35,0,1,0.0,0.0602
0xcb70f7bc6a41b0ce7dbaff46eceff2aa4e4ec9f1,2024-01-12 10:34:11,0,1,0.0,0.215
0xcb8f53d250338e0aea38f5053249047b9c4b9b6c,2024-01-12 14:33:23,0,1,0.0,0.7164808
0xcb990f029669d126b99ffedff5f10b47b09d33e3,2024-01-12 23:46:59,0,1,0.0,0.1024954
0xcbc5ccb2c59c5893f240cc78876f93d3a4a7b1f4,2024-01-12 23:25:23,0,1,0.0,0.11211905
0xcbd03ca10248cddc086662b9880479806db3e9f6,2024-01-12 15:06:23,0,1,0.0,2.008
0xcc02028eb9dd49dd035ea1bf64054a960ea6c9b5,2024-01-12 21:11:23,0,1,0.0,0.01808794
0xcc151101395599511fa13a9bc528eda21bf955b5,2024-01-12 13:01:23,0,1,0.0,1.996
0xcc6df2d4107e71f31347618dd68f2607c5b08863,2024-01-12 21:29:59,0,1,0.0,0.0127
0xcc88e719eb5ad690e2a422f6c1011d9a357dbc82,2024-01-12 15:48:11,0,1,0.0,0.218
0xccaecf484724e58e6084940bc9a0031dac32c86f,2024-01-12 08:55:35,0,1,0.0,0.03809997
0xccf677309062a093285379abdd4f60513a2adc85,2024-01-12 21:48:47,0,1,0.0,0.0112867
0xcd062ace4c5fbbd7ea28a02ccf0354f051ba5732,2024-01-12 16:43:47,0,1,0.0,0.0444
0xcdfd3a04c8fbb388db12fd03d8871228e4445bb5,2024-01-12 04:25:23,0,2,0.0,0.209
0xce147fb03d82161f66c1988026a3b490eba8c161,2024-01-12 14:51:47,0,1,0.0,0.19460193
0xce7f20a4fb106391acc5e8f74728838e1ec77334,2024-01-12 16:15:23,0,1,0.0,0.218
0xceaf3a4c7d994d577cbf7b51a92801db4a3692b0,2024-01-12 05:07:11,1,0,1e-06,0.0
0xceaf3c457111a676253181b3317f96cda2bb92b0,2024-01-12 05:05:47,0,1,0.0,0.01
0xcf0fd7c058118e4f70cf2135f3d2fd0cd5d81f88,2024-01-12 12:11:47,0,1,0.0,0.0224
0xcf6979d4e8f00c954f9fd0a7f47f5472556b2608,2024-01-12 14:30:23,0,1,0.0,0.01942665
0xcf92aa9ec5a341604a0dbc60024ec1fb980177b5,2024-01-12 02:07:47,0,1,0.0,0.3248728
0xcfff1bb6fd679fd585b2b7fed8674dda5ab7e962,2024-01-12 12:42:11,1,0,7.251878908839,0.0
0xd00744aef0975dc59aa7eefb19dc821f82696466,2024-01-12 22:30:23,1,0,6.845888346966,0.0
0xd038b42a93683dfc6e0721dbf162e8594b3127f7,2024-01-12 12:16:23,0,1,0.0,4.998
0xd038bd1dcbede0afc95ef38f5c23c3d47c0827f7,2024-01-12 12:18:11,1,0,4.997999999999e-06,0.0
0xd04bad001833a37c47e363932192bb797a4e2010,2024-01-12 08:21:59,0,1,0.0,0.0102877
0xd04becb3a2f55d9ac475b20e605caeee44c34d8e,2024-01-12 13:52:23,0,1,0.0,0.63200013
0xd0969f92aac888f61c032e39fe9e67abbe9a92d6,2024-01-12 09:54:47,0,1,0.0,0.0776
0xd0d3c34881f21625816ba27f64c7d3d0e9c6e399,2024-01-12 04:14:59,0,1,0.0,0.4504384
0xd10dd05b590f373fef95a2fe97957345d20ce79b,2024-01-12 12:27:59,0,1,0.0,0.3540384
0xd1970b7b5c3d90c51f55ba32fd6e9e431ec69446,2024-01-12 07:45:47,0,1,0.0,0.47126495
0xd1bcb6724f5f3c885ee5c3867d575b93d099a467,2024-01-12 18:51:59,0,1,0.0,0.0353626
0xd1cab933f297a60a04d55e6e713889a0e09ef5c5,2024-01-12 16:24:11,1,0,1.729728917312,0.0
0xd20b4e994d3e94e5e3f40ec5c6d11ea19e07970b,2024-01-12 04:48:59,0,1,0.0,1.55131488
0xd216cb59baade86ac2950d32290e11b7b90b7736,2024-01-12 02:22:23,0,1,0.0,0.01150926
0xd23d0cf19c4f3c354577f61f01498a920331f0b1,2024-01-12 12:33:23,0,1,0.0,6.9051
0xd2a818f8f5111e66395e737b9104e833c4710535,2024-01-12 21:58:35,0,1,0.0,0.1551427
0xd2ac4032199caaeaa4fca39e804150758753e9fe,2024-01-12 08:29:47,0,1,0.0,0.0194785
0xd2cae1a40c55a34bd15bd759bc8b46bea5cf4388,2024-01-12 21:58:35,0,1,0.0,0.0678301
0xd2f3c5b5c88a634b7c21e975c7fc585a82823895,2024-01-12 13:05:47,0,1,0.0,0.5042932
0xd331f4258ed8f33bcdac34a57e3aa24d462388c2,2024-01-12 12:18:11,1,0,7.864733807074,0.0
0xd332799e18204fca1a3aacb38469a0a23b9986d1,2024-01-12 05:59:47,0,1,0.0,0.0175
0xd3f7e5e6c509652e470166b8cad271c4d690cc47,2024-01-12 07:12:59,0,1,0.0,2.4713142
0xd408a0f544bcead4b3262d85984083913ec1fce9,2024-01-12 11:55:23,0,1,0.0,0.2193
0xd426b4c805ce85ce19ff88f2d56fd0597bf8cefe,2024-01-12 05:51:23,1,0,1.5989465843059998,0.0
0xd481b5b69f77802b95c6995e6f8c11b36b721beb,2024-01-12 15:51:47,0,1,0.0,0.0312667
0xd4825ad5b1a863587e7116f3de1387c1238e4319,2024-01-12 11:46:11,0,3,0.0,0.3783769999999999
0xd4fae06ae56464edb5ac6d810f6c324e26b5a41b,2024-01-12 07:43:23,0,1,0.0,0.23651638
0xd50e6b8b43f535ddb33e393cfd3f8169f9f4296f,2024-01-12 17:47:11,0,1,0.0,0.0101878
0xd54750b44c93883ee7f76cd2e7632edf1ef7c5ea,2024-01-12 08:24:23,0,1,0.0,0.05741258
0xd567c32a82c427bd4f0982009f77d4115686a72d,2024-01-12 18:41:35,0,1,0.0,0.61622565
0xd654635488b54fb5be36a94b68dc3d6a34089158,2024-01-12 06:28:23,0,2,0.0,1.64547634
0xd690f7abeede7aafac084f770fefdf6ddf1cb545,2024-01-12 13:10:47,0,2,0.0,0.02147281
0xd699d1411a7437270975e7b559c30b1d23002140,2024-01-12 18:35:47,0,1,0.0,0.738
0xd6a45d75a5f11de303ba6b3e0408ecb08df55ff7,2024-01-12 15:21:11,1,0,5.047782646871,0.0
0xd6d2983ec83bc7b29efe0627d0ce667124c63c7f,2024-01-12 11:24:23,1,0,6.899144425748,0.0
0xd6e9015d8fad5fdcbd253c6069992e4141eb0724,2024-01-12 17:46:59,0,1,0.0,0.0194
0xd7166284cd5b495b5a025357a15c32a1df9b5401,2024-01-12 15:37:47,0,1,0.0,0.60230162
0xd7677a8f2bf9abcd6ec1a747cc01ed3c89d77435,2024-01-12 11:50:47,0,1,0.0,0.0224
0xd7f1aeceabd6df8ee17893282a28bda3996df503,2024-01-12 12:31:11,0,1,0.0,1.2668
0xd7f37cb3416312500c200641e836e7c574724b57,2024-01-12 08:37:11,0,1,0.0,0.008
0xd83d994b102a5e6b452469d26fe5acd1608954f9,2024-01-12 12:24:11,0,1,0.0,0.008
0xd845d66e7d5399db90ff477df3c217c0e744fdd1,2024-01-12 08:37:47,0,1,0.0,0.008
0xd8a6a6c33ee4f4da30350c4d199de17d9699c280,2024-01-12 11:18:23,0,1,0.0,0.0224
0xd8debee9afdf34b5d6ae1034020de5a2173bd227,2024-01-12 08:55:23,0,1,0.0,0.078
0xd9439b9208e8778d159f3452dcaf68a698770468,2024-01-12 02:10:59,0,1,0.0,0.105
0xd957c375e1237d12cfeb23b6f2c3b7e5f2ca2e44,2024-01-12 12:06:23,1,0,7.94082340564,0.0
0xd9e82e977ab42d081fd750d3fce0ba1d0438fa21,2024-01-12 11:24:11,0,1,0.0,0.1322656
0xd9e8d61252e655242ecee7873891fa76b3afa5ae,2024-01-12 16:45:11,1,0,1.155916024704,0.0
0xda43f11868ef277dffb9dfdcd18231aa5e6d6ae4,2024-01-12 22:28:11,0,1,0.0,0.01582339
0xda514dee181f3220c6487c6fa49c9382692640f1,2024-01-12 08:58:35,0,1,0.0,0.0144835
0xdac17f958d2ee523a2206206994597c13d831ec7,2024-01-12 02:50:47,0,706,0.0,0.0
0xdacfa2b0166f5560a79674d409ff43382cbd243f,2024-01-12 03:10:47,0,1,0.0,0.08791
0xdad08ef9fb7c3092a21274643d5ba4fbbab771e1,2024-01-12 20:16:11,0,1,0.0,0.0108
0xdad301c60ecb2598ad09905181e785f5f7aeb0c3,2024-01-12 12:14:47,0,1,0.0,0.1978
0xdad3aff4be6f577abd2a7ed1b2aed4a490431aee,2024-01-12 04:36:23,1,0,2.181166453315,0.0
0xdb2147128017866875b7b2579f5573a8a2628d7b,2024-01-12 12:33:23,0,1,0.0,7.54271
0xdb73bc0d6f989c021a319019219faeb6743c3076,2024-01-12 19:56:47,0,1,0.0,0.1465513
0xdbab6b1344a0cbc27fbb7a726d49beea18216d90,2024-01-12 09:09:35,0,1,0.0,0.0931048
0xdbb45289f6999f55cb8c88d97346cbaa81cc03f8,2024-01-12 16:41:35,0,1,0.0,0.01
0xdc104603d895f66bd24d891ddcc1af828befde30,2024-01-12 14:19:11,0,1,0.0,0.0078
0xdc57bf00b67cdebc746b58344c724c6c628ebc30,2024-01-12 09:19:11,0,1,0.0,1.99750042
0xdc6303267c856c78e4d74c8b6a2bb2e35dc5e30f,2024-01-12 18:14:23,0,1,0.0,0.0171
0xdc80fc27d224846e3cfd07dd748198ec787b15e4,2024-01-12 20:59:35,0,1,0.0,0.4104871
0xdc887e9b36adf78edc12cf49b5b7426e6b28c792,2024-01-12 14:03:59,0,1,0.0,0.048
0xdc8da05ec0c37d165e0dac7941471e4bb06bd38c,2024-01-12 12:35:11,0,1,0.0,7.795229
0xdd1b6a7ee5cff880c1997c36936864e11ca91b08,2024-01-12 13:04:59,0,1,0.0,0.53273204
0xdd73fb68ec4584a58af9ef9337712526a09c4fd2,2024-01-12 17:19:11,0,1,0.0,0.032965
0xdd87d00386fd83e328f7203a445ae15738f6d7b4,2024-01-12 14:48:11,1,0,0.988208601669,0.0
0xddb8cd15c9d53ab4b4d557054cf31471cb8f4701,2024-01-12 21:56:23,0,1,0.0,0.088
0xddde51ec006f2433ebaa1268c14b6d5b3dfb7606,2024-01-12 02:48:47,0,1,0.0,0.997
0xddff75788c4cb7e69259d7a5999c5588b16ef26c,2024-01-12 22:00:23,0,1,0.0,0.0296555
0xde297dc41d938535ec0382c04e798b21ff65f7ae,2024-01-12 12:45:11,1,0,7.1736625719800005,0.0
0xde7b5a16699089ed03c8abb94118c03ed2b6ee98,2024-01-12 11:08:35,0,2,0.0,0.142853
0xdea46755f25fdb35f2f01f6a16172943ea76ee4a,2024-01-12 16:54:11,1,0,1.999132203171,0.0
0xdecedc1c4d026050491bbddbd950717cef55a8dd,2024-01-12 05:04:23,0,1,0.0,0.298
0xdf2e3a98f3605fccde6fed67723aca5bb5a37650,2024-01-12 17:26:59,0,1,0.0,0.0185
0xdf52e59e007e095cf2a2400ace839e42ab66e6d9,2024-01-12 06:15:47,0,1,0.0,0.0206891
0xdf5c0c52aa8e492ef0a0a34b095b47c8d818b94d,2024-01-12 20:12:47,0,1,0.0,0.0750229
0xdf753bc2d42327579e8284ddcdbbbb9bba393214,2024-01-12 17:11:59,0,1,0.0,0.01
0xdfb44581be9bfafa27200c7ebee525cb2f773de4,2024-01-12 09:12:11,0,1,0.0,0.00834623
0xdfffd42e84fccbde3205dc5eb0d6f1b038d39ea0,2024-01-12 12:36:23,0,1,0.0,7.53932
0xe01c556e5a1bb3bd3227c49da1824dfd6920da61,2024-01-12 23:46:59,0,1,0.0,0.0552427
0xe02e148e87f507c9c01219ccb2ca7657ed148858,2024-01-12 10:02:11,0,1,0.0,0.01
0xe05d94feeea2e0e1c9a5f26f4d016684ae9b300e,2024-01-12 13:54:23,1,0,0.99532156557,0.0
0xe05f9238cfb1f1e9788971e5f7a8475eadc9eff0,2024-01-12 08:40:47,0,1,0.0,0.1665313
0xe07bd0403f5ac74e95ece60cc398eaa7c11ac98c,2024-01-12 07:49:11,0,1,0.0,0.00949956
0xe0c01fcff772a7c3ec14ded82e3c8ceedbc954d1,2024-01-12 16:24:23,0,1,0.0,0.0856123
0xe0c4dd1e226e31b5afc64264f68eb227a1e5751e,2024-01-12 13:20:35,0,1,0.0,0.061117
0xe0c883fc30b398b4a7461d735070fae2271883f6,2024-01-12 11:30:35,0,1,0.0,0.08993095
0xe1174a4fabec9384f900272188d5e93b68ee8da4,2024-01-12 01:59:59,0,1,0.0,0.0145
0xe12bfc9bef4bbed0002cf9d07c6b91624b495a5f,2024-01-12 03:01:23,0,1,0.0,0.008
0xe1528c18d980ebe36ae3cfee28bacb45d0da9393,2024-01-12 09:46:35,0,1,0.0,1.2979
0xe16f63bc5fdf022c65df24281e57c6a6db080905,2024-01-12 17:22:59,0,1,0.0,0.008989
0xe17f464cdb0c421704019e14ccf4f7739bcca233,2024-01-12 11:11:23,0,1,0.0,5.098
0xe1c0fe4495a3756b5ef86d30b162ae6458af39c5,2024-01-12 19:10:47,0,1,0.0,0.0351628
0xe1f04aa686c63774f460a05ce8e4af1546c5921f,2024-01-12 19:25:47,0,1,0.0,0.0392
0xe252950695f10395add5ef3d5592cd8b2b8c2fb3,2024-01-12 09:16:23,0,2,0.0,0.5917077
0xe288742c4752b35cfa5a67632f02ff2fa8e701b1,2024-01-12 12:39:47,0,1,0.0,7.4775
0xe29187c49d8b5d9bc68b6f7f32f4d290ce7d7856,2024-01-12 07:30:59,0,1,0.0,1.79656326
0xe341e39e64dbb45fd4ba4921954851242467ce1d,2024-01-12 03:20:47,0,1,0.0,0.22527116
0xe3eb80a3bcb55b8a063bdf502da1259e9a569e3e,2024-01-12 07:19:59,0,1,0.0,0.05972321
0xe3f7a47596ec83310ba9c0acadfb0af7101f8b54,2024-01-12 18:04:47,0,1,0.0,0.0356623
0xe4032d47d62bfae5a0abb426c276b21a0f9324cc,2024-01-12 12:21:11,1,0,6.858404169913,0.0
0xe4163a7c94af7f5113a1e56a00e06ad2266447e1,2024-01-12 19:03:59,0,3,0.0,1.2534198
0xe427456b6af0f620460391ef107afcf155f80e65,2024-01-12 09:45:23,1,0,1.4734620568769998,0.0
0xe438ba11b7e769893d77d25f35dd444465323b17,2024-01-12 12:24:47,0,1,0.0,0.77
0xe47606cfab987689a9e059f13ec974c43197708e,2024-01-12 18:51:59,0,1,0.0,0.1950028
0xe5093b29faf83941fe8c8864f3f8c8292928891b,2024-01-12 15:45:11,0,1,0.0,5.5659265
0xe5118016492e30dd19f2679de2078ac98eff924a,2024-01-12 05:17:47,0,1,0.0,0.1024954
0xe55edf6779811e44d53c006e1067d07db8bdf702,2024-01-12 20:09:11,0,1,0.0,2.00427894
0xe573730f3dcfbf2222e72f20dca738f316b77470,2024-01-12 21:05:23,0,2,0.0,3.31623826
0xe5765ece663e09b85dacb6054d9e25d3b78e6ab4,2024-01-12 18:52:59,0,1,0.0,0.0467512
0xe5c19beb21fa6aee7f955312ff0be7796dfb5ff9,2024-01-12 17:11:59,0,2,0.0,1.32877429
0xe60c64aa06819885d25431d3669d45fb2226091a,2024-01-12 03:35:47,0,1,0.0,0.07313758
0xe60f676ead896419839165cc5ae91404e4e73988,2024-01-12 14:41:59,0,1,0.0,0.059396
0xe639795670c3180c1a0c87844b89d0d41ae133bb,2024-01-12 02:56:23,0,1,0.0,0.045
0xe6647a7b77e7ecfe09b26f8775d7e9c51aa45593,2024-01-12 23:13:35,0,1,0.0,0.024
0xe67d20a89b219e1ee801775f1f0a50c018b88e77,2024-01-12 21:48:59,0,1,0.0,0.8967004
0xe68a91bc5aaff771e326ad5288021ef33e098d83,2024-01-12 12:34:35,0,1,0.0,7.45798
0xe6f7f71740159f5287dc8a3dc3ef31fc34cbfa4b,2024-01-12 12:06:11,0,1,0.0,0.0224
0xe705d15d080e6b047e42fda4ca225074e52cdd40,2024-01-12 11:39:59,0,1,0.0,0.0224
0xe71a3e3e5de66fedaf17bb3ee5ae098ea6cd3764,2024-01-12 03:27:23,0,1,0.0,0.00965887
0xe79a84ab20e982e5f22f665582fc8be2acfb1e3d,2024-01-12 17:42:23,0,1,0.0,0.01238816
0xe81fe8a5172c4b49bfb449a15a037d6dd3c4f8dc,2024-01-12 13:33:47,0,1,0.0,1.245
0xe85c2265cf435de2c39a25cc6a15677bbd9ff4cb,2024-01-12 19:33:23,1,0,1.594885595063,0.0
0xe862a3d6e7806864f4c526e1b18b5982319c687d,2024-01-12 19:25:11,0,2,0.0,0.1637809999999999
0xe8a0bc86b9fcbb3e0c24a9df9b62699ac892684a,2024-01-12 02:06:59,0,1,0.0,0.110905
0xe8d929b8e806516224548e462f7c20d6b07a07b7,2024-01-12 20:36:59,0,1,0.0,0.0092887
0xe8ddf4135de09b4af2a43db3e4bca2ed03e2be6c,2024-01-12 12:34:11,0,1,0.0,7.9429
0xe9029053c1635780451e59b9cbd477b7dd852a96,2024-01-12 14:10:35,0,1,0.0,2.12102559
0xe933a5eee7cf0afa456a866bea85ea16764dff1c,2024-01-12 06:51:23,1,0,1.371270142773,0.0
0xe94cac7a04650dc0972e17de55591fe93e5d665e,2024-01-12 16:18:47,0,1,0.0,0.228
0xe9626762b35fb800496f985317688723f9ccfb23,2024-01-12 13:30:23,0,2,0.0,8.653259799999999
0xe9c08b22ffb427367bc006fd238eaf6a255a4c08,2024-01-12 02:58:35,0,1,0.0,0.6242731
0xe9e530de0914f28027cd1492dda189f9522f3d21,2024-01-12 12:11:47,0,1,0.0,0.023
0xe9f1a131d9c4c6e3fc48e381c114fd829d5ff4ff,2024-01-12 22:39:59,0,1,0.0,0.03603396
0xeace6c45b613edacd3232e2df1f07a32943038a1,2024-01-12 05:16:23,0,1,0.0,0.0135844
0xeade3e6f7679855a02204a8d176b99ec7b72126f,2024-01-12 10:21:23,1,0,5.360606000295,0.0
0xeb27e987fa849171f496314c21de7aafabbdbaa5,2024-01-12 12:39:23,1,0,7.964429620661,0.0
0xeb4d8e4fd92520733ca4552a08ec5965063958df,2024-01-12 03:45:23,1,0,1.2596016123900002,0.0
0xeb94e67301295f3a262485a4babdb73470b43877,2024-01-12 11:11:47,0,1,0.0,0.0224
0xeba321abdd73f0e929291cecf2e8b13870a00093,2024-01-12 06:01:23,0,1,0.0,0.2977
0xebc092510c423831ca692b675620fe8fbb187901,2024-01-12 22:27:11,1,0,3.994488312843,0.0
0xebc7fdf432c4c1c199ceeeb2ed40bc9b2729877e,2024-01-12 02:08:23,0,1,0.0,0.045
0xec0c8c642470ec46a3f71babf2117aeea53d48c5,2024-01-12 02:22:59,0,1,0.0,0.1005
0xec56dae8ac76ec43d4761ed299a5f1161c00fb66,2024-01-12 23:13:35,0,1,0.0,0.00799
0xec976d911512eae782ccee8cebd15a1ad7379532,2024-01-12 23:51:35,1,0,1.613577109936,0.0
0xec9b8d50e14f70aa34004ca0d6cc3dd99148f177,2024-01-12 13:25:11,0,1,0.0,0.009
0xece4439106ef2bf4ed38717d693aa932077f62fd,2024-01-12 19:34:47,0,1,0.0,0.01440283
0xed15f42bad2fad3a35c99d80f5fc98ffb25687b9,2024-01-12 08:06:23,1,0,1.507926241198,0.0
0xed1867047ba1d979a15ec6d63e598cdfa395ec45,2024-01-12 08:18:23,1,0,6.996040568247,0.0
0xed539810032e1cbba309b93a6a1dd381b051daa8,2024-01-12 15:09:47,0,1,0.0,0.0374605
0xed84a33af62520603c8980badbabe1917f6e0102,2024-01-12 21:56:23,0,1,0.0,0.0355624
0xee14022c8aa70745dd5f959ab2b47086b745560e,2024-01-12 17:38:11,0,1,0.0,0.30309561
0xee17b77cd7246a98cab0803ab5f461d29e6f289d,2024-01-12 08:38:47,0,1,0.0,0.0174805
0xee1bcaa13860465230b96efb4ab22e2a61dce841,2024-01-12 12:35:47,0,1,0.0,7.91712
0xee3fa1bcc9cfbc472e3eca7efabc4df4c6511645,2024-01-12 14:00:35,0,1,0.0,0.3770527
0xee5c77d991356c27fe5619c0babc92728a6ad548,2024-01-12 07:48:47,0,1,0.0,0.297952
0xee7407dee9b8dba83cd8aab6ea29c4e62ee529d6,2024-01-12 13:52:11,0,1,0.0,0.1136842
0xeec04f363e7c1deedbe6a0316a56e9d48a5865c3,2024-01-12 11:15:23,0,1,0.0,0.0224
0xef49baa9aa0527f017ee7be202845ccd32458953,2024-01-12 12:18:23,1,0,7.181761943975,0.0
0xef677ef4dd2855bfd143eccf2543b246658cccc5,2024-01-12 21:33:59,0,1,0.0,0.01011254
0xef9d8372e13a9bb303b359b974802979189badf2,2024-01-12 13:33:11,1,0,2.028932514132,0.0
0xf004194ab2884214ab299c15424c6ed3e7cda52c,2024-01-12 05:31:23,0,1,0.0,0.0704275
0xf0436859f68eb14c43a7c04a2178d33b6823910f,2024-01-12 16:17:35,0,1,0.0,0.0551428
0xf09a04f9d9719e465b17a14a0f20d9d4cc36bad8,2024-01-12 04:42:23,1,0,1.352358021271,0.0
0xf0a204293b3515ddbe127c655cac1ee4c5a36e87,2024-01-12 06:05:59,0,1,0.0,0.0142837
0xf10524212d721596938f577f982a49cf1d36f685,2024-01-12 23:01:11,0,1,0.0,1.448
0xf13c61ec18e36a5a9ec5a8ba768e6612641a2456,2024-01-12 20:06:23,0,1,0.0,2.99505512
0xf1660b7e4d35ab88b91e2043c9401db5b8dd1b4d,2024-01-12 03:55:59,0,1,0.0,0.2296681
0xf187d33d892a25c2d1763a040d8608ecb156c630,2024-01-12 21:48:47,0,1,0.0,0.093904
0xf1976c13c8009b757be9b93b60362c62f2f3fed5,2024-01-12 23:53:47,0,1,0.0,0.825727
0xf19d90c38d3a63a40fe88a87858f4e8362a5877d,2024-01-12 13:09:35,0,1,0.0,0.0078
0xf1b84b1cfc4f0028762af9736fb2227008787160,2024-01-12 19:15:11,0,1,0.0,0.0080899
0xf201d935e22a8d1e8e7e656afcb0ef46b4b9984f,2024-01-12 05:43:59,0,1,0.0,4.9104
0xf2170affa7f8e6db1657adac235c6625fdf72934,2024-01-12 14:34:35,0,1,0.0,0.0094885
0xf25c6dcba3ba81ab3109cd528796fbb30b938a67,2024-01-12 13:59:47,0,2,0.0,0.1092866
0xf29d2cfdee82f96d83aa11021f18685583e8f9fb,2024-01-12 09:17:35,0,1,0.0,0.56936984
0xf2bdad939244827293329b52b7a7bf633e488dc5,2024-01-12 11:15:47,0,1,0.0,0.0171808
0xf2e944ebf0bb980f6febcc269231216b884d8dd9,2024-01-12 05:42:23,0,1,0.0,0.4114
0xf3b524d6cb31a39f921b494567f86ee30f732654,2024-01-12 11:12:11,1,0,5.301683629187,0.0
0xf3cd95483273d57fb456e85441020c64e3b563ab,2024-01-12 16:06:59,0,1,0.0,0.14407128
0xf46ea244324af0f99d52a864a1d5e4837fb58807,2024-01-12 05:30:23,2,0,2.916490601204,0.0
0xf4ba8e97d59284ebfc7ab33a509bb8938748d492,2024-01-12 17:30:23,0,1,0.0,0.7669627
0xf5067d122c67668d6c9983dfc642949daf24cebb,2024-01-12 17:30:23,0,1,0.0,0.00799
0xf51b6b7d1ba56c9de6948f238509f804adc0d1a4,2024-01-12 13:41:47,0,1,0.0,0.198
0xf57baaeebafbbc8f7b03c34484b5b0c9b880af65,2024-01-12 18:02:23,0,1,0.0,0.0822157
0xf5c61f771796a363fe18d8abec9fd0ecdb0ffbf6,2024-01-12 03:49:47,0,1,0.0,39.20408715
0xf610b3851ed399063adfac20b97065902535e000,2024-01-12 11:56:23,0,1,0.0,0.0078
0xf6320d0e5f9e1b8a4fc6a769f85a8fe5754bb7ad,2024-01-12 12:15:23,1,0,6.847038348635,0.0
0xf6655e0f9f5c8b7d7da3de6f78cfe1b8394e8148,2024-01-12 15:29:47,0,1,0.0,1.0
0xf68e846d3bc714b24cbc2663aa05259b4f10092d,2024-01-12 04:32:23,0,1,0.0,4.51
0xf68e8f082d770b614dbd2d382b8ddde1aaf6092d,2024-01-12 04:33:47,1,0,4.51e-06,0.0
0xf6ccdd73b0b0aaef9a49edc89b70b090741ec909,2024-01-12 16:07:47,0,1,0.0,0.3104872
0xf71766824319fe7b4a9096ad05ea1b13da59e69c,2024-01-12 11:40:23,0,1,0.0,0.0224
0xf726fcc724d4b8ddc43cdee6baa07ed4fd67fa1e,2024-01-12 03:27:23,0,1,0.0,0.14856055
0xf73ea97f945ba4eb3a304654a9c0c53ba148b8a2,2024-01-12 02:18:35,0,1,0.0,0.02402746
0xf7a7fe8151b2822d134e019d000369501c468f34,2024-01-12 11:13:47,0,1,0.0,0.0224
0xf7d091af3ba0333099d78a66f70734ba73e462fb,2024-01-12 05:51:23,1,0,1.381310667677,0.0
0xf80ca6dad6648f317c14369aef569a2cabcbc525,2024-01-12 08:13:11,0,2,0.0,1.00448504
0xf8206599b09ff3557a5411f478df41f5835afd42,2024-01-12 12:08:35,0,1,0.0,0.01248
0xf82b3cd9806753660daa67261e7de326730bb0eb,2024-01-12 11:40:47,0,1,0.0,0.658
0xf86bb74cb59a7540b24a0b4fb276e938459d394f,2024-01-12 22:03:35,0,1,0.0,0.3599377
0xf8866806ba475e251b9547f082d9955e17150ad7,2024-01-12 12:08:35,0,1,0.0,0.0224
0xf918db22aa1bb8d2188af3c366db4de4a4f651ed,2024-01-12 02:46:59,0,2,0.0,1.4754353999999998
0xf92d457d279d8844cacd75de76ce9815f2ffe721,2024-01-12 21:35:59,0,3,0.0,0.424
0xf961df6f983ed5d1f4d8d4dcdf5508f2c65073b7,2024-01-12 10:24:11,0,1,0.0,0.0485494
0xf9a66bd7c61ae2b796bf0277a455e92ec2403c48,2024-01-12 02:21:23,0,1,0.0,0.0556
0xf9dd3501c1ea49c68e6d5b0b166fd04900426e42,2024-01-12 13:19:47,0,1,0.0,0.0528451
0xfa0f49813acc1efc2fc220b6a3fd4adf1fcdb5fd,2024-01-12 06:33:23,0,1,0.0,1.42423478
0xfa10995f6ab30cb3e91bacd29a96ab571bd23314,2024-01-12 04:13:23,0,1,0.0,0.1629349
0xfa5abfe87a109826816e6c42d69ab5238f255a2e,2024-01-12 14:09:35,0,1,0.0,0.059744
0xfa9dabe2324e5395862fc4ef3d72d7cf3caaefcd,2024-01-12 07:19:23,0,1,0.0,0.12787
0xfab0e08bc82e171db7d9228de6347b3bf877b618,2024-01-12 02:03:47,0,1,0.0,1.9365551
0xfae932f88934ce5246ae136035754c4eb8627a9b,2024-01-12 12:14:47,0,1,0.0,0.0224
0xfaeac78829fb105b6496e958c194d45149ef2709,2024-01-12 13:52:47,0,1,0.0,0.059977
0xfb39bea26ca937a17957b29ced2d429c4812db5f,2024-01-12 23:21:11,1,0,1.010776133461,0.0
0xfb55d346e6637a9b33e4e6b3ee8b7de070583bde,2024-01-12 07:25:59,0,3,0.0,6.382005599999999
0xfb55dc0536ee3d691f8fa697ea55e199fa853bde,2024-01-12 07:35:47,1,0,3.3863083e-06,0.0
0xfb84917857a0c5746267538d81cd51e6ed1ae1af,2024-01-12 14:25:47,0,1,0.0,0.2384593
0xfbc211f04a240b5e09472ffb676bd9dbddedd8d8,2024-01-12 16:32:47,0,1,0.0,0.12634751
0xfc12177089b0611d35ea55622fc71240936e8e27,2024-01-12 11:02:35,0,1,0.0,0.00900075
0xfc1f9af36f16bf851ace9fccdcf744fc24e864c2,2024-01-12 12:37:59,0,1,0.0,6.70602
0xfc34da8a0fbbdbb8f57eea18ac3dbde02443f58d,2024-01-12 03:40:59,0,1,0.0,0.208
0xfc5b3ead1668ef7d07ef41694f3e963e2a2f7aba,2024-01-12 10:24:23,1,0,1.373486320373,0.0
0xfc79c7a8a35460712381c16ee915297633bfd663,2024-01-12 18:33:23,1,0,1.246601842187,0.0
0xfcc2824ae8a98a88d7659d1b64a2664297dde9a4,2024-01-12 05:50:59,0,1,0.0,11.23989139
0xfd099bc5aab78936d43b4d8b5fc9e75dad4c54bd,2024-01-12 22:33:47,0,1,0.0,0.014792
0xfd1fd6be58be63c90805dfafd07a45d52f4f6d3e,2024-01-12 23:15:11,1,0,8.951507690288,0.0
0xfd46b2ee25f0f4b0076012044e158b64d9d38490,2024-01-12 04:08:47,0,1,0.0,0.1086892
0xfd7a5917014b04eae24b841ef01f708e81f4338a,2024-01-12 23:01:23,0,1,0.0,0.4179
0xfd8295ee3cc3d7796fed3dc3e815d61e1593ee14,2024-01-12 08:05:23,0,1,0.0,0.101
0xfd94eda0e76d6450a79324d572c095152b46c556,2024-01-12 14:25:47,0,1,0.0,0.060116
0xfdde6537028ebec45c6a38fb81451a0573ce5c4a,2024-01-12 05:57:35,0,1,0.0,0.10789
0xfde5de33cd45c52ec8960dfc65634a11519830f4,2024-01-12 09:05:11,0,1,0.0,0.998
0xfe0282e8b597ca4666f923f338086f1b2caa7abb,2024-01-12 16:46:59,0,1,0.0,4.33599045
0xfe17a07ef80622fadc7e868a5b7efe6bcca5486f,2024-01-12 19:52:35,0,1,0.0,0.0241371
0xfe17b8d75a698f0abf3cfd07d1289394408a70a4,2024-01-12 12:18:11,1,0,6.74884754792,0.0
0xfe68d90a361e107621a67c06a830c52678b982bf,2024-01-12 18:41:47,0,1,0.0,0.32797441
0xfe7c910aec81644e38c50f373525b66fb0288092,2024-01-12 23:36:59,0,1,0.0,0.04795
0xfeb88e047d16df6ddc966e712cca5f75cf209aa1,2024-01-12 11:58:11,0,1,0.0,0.0224
0xfefd29439b64757386860dc20d6bb210df95373a,2024-01-12 08:29:11,0,1,0.0,1.46084578
0xff0b9681ef40fd0992ef52fd5bd94e0fa21c0359,2024-01-12 06:32:35,0,2,0.0,11.87167893
0xff203468a247f59b5242485a5c0aa3d54f82821e,2024-01-12 11:51:23,1,0,7.365945228076,0.0
0xff4544221eccf92e643f44712dfecd027675adc2,2024-01-12 12:48:47,0,1,0.0,9.1054
0xff5be5f024f7b6a3c96c3ebf790a9e01fc8e1914,2024-01-12 07:25:59,0,1,0.0,0.258
0xff90730a1a9bdb019008f281f720c21c0c2f75a8,2024-01-12 19:55:35,0,1,0.0,0.2117967
0xffddcfe5b629d77f315abc2521407c2c55ada6c1,2024-01-12 06:50:23,0,1,0.0,0.038
